town	comarca	territori	dialecte	notes
L'Alguer	L'Alguer	Alguer	alguerès	
Andorra la Vella	Andorra la Vella	Andorra	northwestern	parròquia
Canillo	Canillo	Andorra	northwestern	parròquia
Encamp	Encamp	Andorra	northwestern	parròquia
Escaldes-Engordany	Escaldes-Engordany	Andorra	northwestern	parròquia
Ordino	Ordino	Andorra	northwestern	parròquia
Sant Julià de Lòria	Sant Julià de Lòria	Andorra	northwestern	parròquia
la Massana	la Massana	Andorra	northwestern	parròquia
Aiguamúrcia	Alt Camp	Catalunya	central	
Alcover	Alt Camp	Catalunya	central	
Alió	Alt Camp	Catalunya	central	
Bràfim	Alt Camp	Catalunya	central	
Cabra del Camp	Alt Camp	Catalunya	central	
Figuerola del Camp	Alt Camp	Catalunya	central	
Mont-ral	Alt Camp	Catalunya	central	
Montferri	Alt Camp	Catalunya	central	
Nulles	Alt Camp	Catalunya	central	
Puigpelat	Alt Camp	Catalunya	central	
Querol	Alt Camp	Catalunya	central	
Rodonyà	Alt Camp	Catalunya	central	
Vallmoll	Alt Camp	Catalunya	central	
Valls	Alt Camp	Catalunya	central	
Vila-rodona	Alt Camp	Catalunya	central	
Vilabella	Alt Camp	Catalunya	central	
el Milà	Alt Camp	Catalunya	central	
el Pla de Santa Maria	Alt Camp	Catalunya	central	
el Pont d'Armentera	Alt Camp	Catalunya	central	
el Rourell	Alt Camp	Catalunya	central	
els Garidells	Alt Camp	Catalunya	central	
la Masó	Alt Camp	Catalunya	central	
la Riba	Alt Camp	Catalunya	central	
Agullana	Alt Empordà	Catalunya	central	
Albanyà	Alt Empordà	Catalunya	central	
Avinyonet de Puigventós	Alt Empordà	Catalunya	central	
Biure	Alt Empordà	Catalunya	central	
Boadella i les Escaules	Alt Empordà	Catalunya	central	
Borrassà	Alt Empordà	Catalunya	central	
Bàscara	Alt Empordà	Catalunya	central	
Cabanelles	Alt Empordà	Catalunya	central	
Cabanes (Alt Empordà)	Alt Empordà	Catalunya	central	
Cadaqués	Alt Empordà	Catalunya	central	
Campmany	Alt Empordà	Catalunya	central	
Cantallops	Alt Empordà	Catalunya	central	
Castelló d'Empúries	Alt Empordà	Catalunya	central	
Cistella	Alt Empordà	Catalunya	central	
Colera	Alt Empordà	Catalunya	central	
Darnius	Alt Empordà	Catalunya	central	
Espolla	Alt Empordà	Catalunya	central	
Figueres	Alt Empordà	Catalunya	central	
Fortià	Alt Empordà	Catalunya	central	
Garriguella	Alt Empordà	Catalunya	central	
Garrigàs	Alt Empordà	Catalunya	central	
Llançà	Alt Empordà	Catalunya	central	
Lledó d'Empordà	Alt Empordà	Catalunya	central	
Llers	Alt Empordà	Catalunya	central	
Masarac i Vilarnadal	Alt Empordà	Catalunya	central	
Maçanet de Cabrenys	Alt Empordà	Catalunya	central	
Mollet de Peralada	Alt Empordà	Catalunya	central	
Navata	Alt Empordà	Catalunya	central	
Ordis	Alt Empordà	Catalunya	central	
Palau de Santa Eulàlia	Alt Empordà	Catalunya	central	
Palau-saverdera	Alt Empordà	Catalunya	central	
Pau (Alt Empordà)	Alt Empordà	Catalunya	central	
Pedret i Marzà	Alt Empordà	Catalunya	central	
Peralada	Alt Empordà	Catalunya	central	
Pont de Molins	Alt Empordà	Catalunya	central	
Pontós	Alt Empordà	Catalunya	central	
Portbou	Alt Empordà	Catalunya	central	
Rabós	Alt Empordà	Catalunya	central	
Riumors	Alt Empordà	Catalunya	central	
Roses	Alt Empordà	Catalunya	central	
Sant Climent Sescebes	Alt Empordà	Catalunya	central	
Sant Llorenç de la Muga	Alt Empordà	Catalunya	central	
Sant Miquel de Fluvià	Alt Empordà	Catalunya	central	
Sant Mori	Alt Empordà	Catalunya	central	
Sant Pere Pescador	Alt Empordà	Catalunya	central	
Santa Llogaia d'Àlguema	Alt Empordà	Catalunya	central	
Saus, Camallera i Llampaies	Alt Empordà	Catalunya	central	
Siurana	Alt Empordà	Catalunya	central	
Terrades	Alt Empordà	Catalunya	central	
Torroella de Fluvià	Alt Empordà	Catalunya	central	
Ventalló	Alt Empordà	Catalunya	central	
Vila-sacra	Alt Empordà	Catalunya	central	
Vilabertran	Alt Empordà	Catalunya	central	
Viladamat	Alt Empordà	Catalunya	central	
Vilafant	Alt Empordà	Catalunya	central	
Vilajuïga	Alt Empordà	Catalunya	central	
Vilamacolum	Alt Empordà	Catalunya	central	
Vilamalla	Alt Empordà	Catalunya	central	
Vilamaniscle	Alt Empordà	Catalunya	central	
Vilanant	Alt Empordà	Catalunya	central	
Vilaür	Alt Empordà	Catalunya	central	
el Far d'Empordà	Alt Empordà	Catalunya	central	
el Port de la Selva	Alt Empordà	Catalunya	central	
l'Armentera	Alt Empordà	Catalunya	central	
l'Escala	Alt Empordà	Catalunya	central	
la Jonquera	Alt Empordà	Catalunya	central	
la Selva de Mar	Alt Empordà	Catalunya	central	
la Vajol	Alt Empordà	Catalunya	central	
Avinyonet del Penedès	Alt Penedès	Catalunya	central	
Castellet i la Gornal	Alt Penedès	Catalunya	central	
Castellví de la Marca	Alt Penedès	Catalunya	central	
Font-rubí	Alt Penedès	Catalunya	central	
Gelida	Alt Penedès	Catalunya	central	
Mediona	Alt Penedès	Catalunya	central	
Olesa de Bonesvalls	Alt Penedès	Catalunya	central	
Olèrdola	Alt Penedès	Catalunya	central	
Pacs del Penedès	Alt Penedès	Catalunya	central	
Pontons	Alt Penedès	Catalunya	central	
Puigdàlber	Alt Penedès	Catalunya	central	
Sant Cugat Sesgarrigues	Alt Penedès	Catalunya	central	
Sant Llorenç d'Hortons	Alt Penedès	Catalunya	central	
Sant Martí Sarroca	Alt Penedès	Catalunya	central	
Sant Pere de Riudebitlles	Alt Penedès	Catalunya	central	
Sant Quintí de Mediona	Alt Penedès	Catalunya	central	
Sant Sadurní d'Anoia	Alt Penedès	Catalunya	central	
Santa Fe del Penedès	Alt Penedès	Catalunya	central	
Santa Margarida i els Monjos	Alt Penedès	Catalunya	central	
Subirats	Alt Penedès	Catalunya	central	
Terrassola i Lavit	Alt Penedès	Catalunya	central	
Torrelles de Foix	Alt Penedès	Catalunya	central	
Vilafranca del Penedès	Alt Penedès	Catalunya	central	
Vilobí del Penedès	Alt Penedès	Catalunya	central	
el Pla del Penedès	Alt Penedès	Catalunya	central	
la Granada	Alt Penedès	Catalunya	central	
les Cabanyes	Alt Penedès	Catalunya	central	
Alàs i Cerc	Alt Urgell	Catalunya	northwestern	
Arsèguel	Alt Urgell	Catalunya	northwestern	
Bassella	Alt Urgell	Catalunya	northwestern	
Cabó	Alt Urgell	Catalunya	northwestern	
Cava (Alt Urgell)	Alt Urgell	Catalunya	northwestern	
Coll de Nargó	Alt Urgell	Catalunya	northwestern	
Estamariu	Alt Urgell	Catalunya	northwestern	
Fígols i Alinyà	Alt Urgell	Catalunya	northwestern	
Josa i Tuixén	Alt Urgell	Catalunya	northwestern	
Montferrer i Castellbò	Alt Urgell	Catalunya	northwestern	
Oliana	Alt Urgell	Catalunya	northwestern	
Organyà	Alt Urgell	Catalunya	northwestern	
Peramola	Alt Urgell	Catalunya	northwestern	
Ribera d'Urgellet	Alt Urgell	Catalunya	northwestern	
el Pont de Bar	Alt Urgell	Catalunya	northwestern	
la Seu d'Urgell	Alt Urgell	Catalunya	northwestern	
la Vansa i Fórnols	Alt Urgell	Catalunya	northwestern	
les Valls d'Aguilar	Alt Urgell	Catalunya	northwestern	
les Valls de Valira	Alt Urgell	Catalunya	northwestern	
Vilaller	Alta Ribagorça	Catalunya	northwestern	
el Pont de Suert	Alta Ribagorça	Catalunya	northwestern	
la Vall de Boí	Alta Ribagorça	Catalunya	northwestern	
Argençola	Anoia	Catalunya	central	
Bellprat	Anoia	Catalunya	central	
Cabrera d'Anoia	Anoia	Catalunya	central	
Calaf	Anoia	Catalunya	central	
Calonge de Segarra	Anoia	Catalunya	central	
Capellades	Anoia	Catalunya	central	
Carme	Anoia	Catalunya	central	
Castellfollit de Riubregós	Anoia	Catalunya	central	
Castellolí	Anoia	Catalunya	central	
Copons	Anoia	Catalunya	central	
Igualada	Anoia	Catalunya	central	
Jorba	Anoia	Catalunya	central	
Masquefa	Anoia	Catalunya	central	
Montmaneu	Anoia	Catalunya	central	
Orpí	Anoia	Catalunya	central	
Piera	Anoia	Catalunya	central	
Pujalt	Anoia	Catalunya	central	
Rubió	Anoia	Catalunya	central	
Sant Martí Sesgueioles	Anoia	Catalunya	central	
Sant Martí de Tous	Anoia	Catalunya	central	
Sant Pere Sallavinera	Anoia	Catalunya	central	
Santa Margarida de Montbui	Anoia	Catalunya	central	
Santa Maria de Miralles	Anoia	Catalunya	central	
Vallbona d'Anoia	Anoia	Catalunya	central	
Veciana	Anoia	Catalunya	central	
Vilanova del Camí	Anoia	Catalunya	central	
el Bruc	Anoia	Catalunya	central	
els Hostalets de Pierola	Anoia	Catalunya	central	
els Prats de Rei	Anoia	Catalunya	central	
la Llacuna	Anoia	Catalunya	central	
la Pobla de Claramunt	Anoia	Catalunya	central	
la Torre de Claramunt	Anoia	Catalunya	central	
Òdena	Anoia	Catalunya	central	
Aguilar de Segarra	Bages	Catalunya	central	
Artés	Bages	Catalunya	central	
Avinyó	Bages	Catalunya	central	
Balsareny	Bages	Catalunya	central	
Callús	Bages	Catalunya	central	
Cardona	Bages	Catalunya	central	
Castellbell i el Vilar	Bages	Catalunya	central	
Castellfollit del Boix	Bages	Catalunya	central	
Castellgalí	Bages	Catalunya	central	
Castellnou de Bages	Bages	Catalunya	central	
Fonollosa	Bages	Catalunya	central	
Gaià	Bages	Catalunya	central	
Manresa	Bages	Catalunya	central	
Marganell	Bages	Catalunya	central	
Monistrol de Montserrat	Bages	Catalunya	central	
Mura	Bages	Catalunya	central	
Navarcles	Bages	Catalunya	central	
Navars	Bages	Catalunya	central	
Rajadell	Bages	Catalunya	central	
Sallent	Bages	Catalunya	central	
Sant Feliu Sasserra	Bages	Catalunya	central	
Sant Fruitós de Bages	Bages	Catalunya	central	
Sant Joan de Vilatorrada	Bages	Catalunya	central	
Sant Mateu de Bages	Bages	Catalunya	central	
Sant Salvador de Guardiola	Bages	Catalunya	central	
Sant Vicenç de Castellet	Bages	Catalunya	central	
Santpedor	Bages	Catalunya	central	
Súria	Bages	Catalunya	central	
Talamanca	Bages	Catalunya	central	
el Pont de Vilomara i Rocafort	Bages	Catalunya	central	
Alforja	Baix Camp	Catalunya	central	
Almoster	Baix Camp	Catalunya	central	
Arbolí	Baix Camp	Catalunya	central	
Botarell	Baix Camp	Catalunya	central	
Cambrils	Baix Camp	Catalunya	central	
Capafonts	Baix Camp	Catalunya	central	
Castellvell del Camp	Baix Camp	Catalunya	central	
Colldejou	Baix Camp	Catalunya	central	
Duesaigües	Baix Camp	Catalunya	central	
Maspujols	Baix Camp	Catalunya	central	
Mont-roig del Camp	Baix Camp	Catalunya	central	
Montbrió del Camp	Baix Camp	Catalunya	central	
Prades	Baix Camp	Catalunya	central	
Pratdip	Baix Camp	Catalunya	central	
Reus	Baix Camp	Catalunya	central	
Riudecanyes	Baix Camp	Catalunya	central	
Riudecols	Baix Camp	Catalunya	central	
Riudoms	Baix Camp	Catalunya	central	
Vandellòs i l'Hospitalet de l'Infant	Baix Camp	Catalunya	central	
Vilanova d'Escornalbou	Baix Camp	Catalunya	central	
Vilaplana (Baix Camp)	Baix Camp	Catalunya	central	
Vinyols i els Arcs	Baix Camp	Catalunya	central	
l'Albiol	Baix Camp	Catalunya	central	
l'Aleixar	Baix Camp	Catalunya	central	
l'Argentera	Baix Camp	Catalunya	central	
la Febró	Baix Camp	Catalunya	central	
la Selva del Camp	Baix Camp	Catalunya	central	
les Borges del Camp	Baix Camp	Catalunya	central	
Aldover	Baix Ebre	Catalunya	northwestern	
Alfara de Carles	Baix Ebre	Catalunya	northwestern	
Benifallet	Baix Ebre	Catalunya	northwestern	
Camarles	Baix Ebre	Catalunya	northwestern	
Deltebre	Baix Ebre	Catalunya	northwestern	
Paüls	Baix Ebre	Catalunya	northwestern	
Roquetes	Baix Ebre	Catalunya	northwestern	
Tivenys	Baix Ebre	Catalunya	northwestern	
Tortosa	Baix Ebre	Catalunya	northwestern	
Xerta	Baix Ebre	Catalunya	northwestern	
el Perelló	Baix Ebre	Catalunya	northwestern	
l'Aldea	Baix Ebre	Catalunya	northwestern	
l'Ametlla de Mar	Baix Ebre	Catalunya	northwestern	
l'Ampolla	Baix Ebre	Catalunya	northwestern	
Albons	Baix Empordà	Catalunya	central	
Begur	Baix Empordà	Catalunya	central	
Bellcaire d'Empordà	Baix Empordà	Catalunya	central	
Calonge i Sant Antoni	Baix Empordà	Catalunya	central	
Castell d'Aro, Platja d'Aro i s'Agaró	Baix Empordà	Catalunya	central	
Colomers	Baix Empordà	Catalunya	central	
Corçà	Baix Empordà	Catalunya	central	
Cruïlles, Monells i Sant Sadurní de l'Heura	Baix Empordà	Catalunya	central	
Foixà	Baix Empordà	Catalunya	central	
Fontanilles	Baix Empordà	Catalunya	central	
Garrigoles	Baix Empordà	Catalunya	central	
Gualta	Baix Empordà	Catalunya	central	
Jafre	Baix Empordà	Catalunya	central	
Mont-ras	Baix Empordà	Catalunya	central	
Palafrugell	Baix Empordà	Catalunya	central	
Palamós	Baix Empordà	Catalunya	central	
Palau-sator	Baix Empordà	Catalunya	central	
Pals	Baix Empordà	Catalunya	central	
Parlavà	Baix Empordà	Catalunya	central	
Regencós	Baix Empordà	Catalunya	central	
Rupià	Baix Empordà	Catalunya	central	
Sant Feliu de Guíxols	Baix Empordà	Catalunya	central	
Santa Cristina d'Aro	Baix Empordà	Catalunya	central	
Serra de Daró	Baix Empordà	Catalunya	central	
Torrent (Baix Empordà)	Baix Empordà	Catalunya	central	
Torroella de Montgrí	Baix Empordà	Catalunya	central	
Ullastret	Baix Empordà	Catalunya	central	
Ullà	Baix Empordà	Catalunya	central	
Ultramort	Baix Empordà	Catalunya	central	
Vall-llobrega	Baix Empordà	Catalunya	central	
Verges	Baix Empordà	Catalunya	central	
Vilopriu	Baix Empordà	Catalunya	central	
Vulpellac, Fonteta i Peratallada	Baix Empordà	Catalunya	central	
la Bisbal d'Empordà	Baix Empordà	Catalunya	central	
la Pera	Baix Empordà	Catalunya	central	
la Tallada d'Empordà	Baix Empordà	Catalunya	central	
Abrera	Baix Llobregat	Catalunya	central	
Begues	Baix Llobregat	Catalunya	central	
Castelldefels	Baix Llobregat	Catalunya	central	
Castellví de Rosanes	Baix Llobregat	Catalunya	central	
Cervelló	Baix Llobregat	Catalunya	central	
Collbató	Baix Llobregat	Catalunya	central	
Corbera de Llobregat	Baix Llobregat	Catalunya	central	
Cornellà de Llobregat	Baix Llobregat	Catalunya	central	
Esparreguera	Baix Llobregat	Catalunya	central	
Esplugues de Llobregat	Baix Llobregat	Catalunya	central	
Gavà	Baix Llobregat	Catalunya	central	
Martorell	Baix Llobregat	Catalunya	central	
Molins de Rei	Baix Llobregat	Catalunya	central	
Olesa de Montserrat	Baix Llobregat	Catalunya	central	
Pallejà	Baix Llobregat	Catalunya	central	
Sant Andreu de la Barca	Baix Llobregat	Catalunya	central	
Sant Boi de Llobregat	Baix Llobregat	Catalunya	central	
Sant Climent de Llobregat	Baix Llobregat	Catalunya	central	
Sant Esteve Sesrovires	Baix Llobregat	Catalunya	central	
Sant Feliu de Llobregat	Baix Llobregat	Catalunya	central	
Sant Joan Despí	Baix Llobregat	Catalunya	central	
Sant Just Desvern	Baix Llobregat	Catalunya	central	
Sant Vicenç dels Horts	Baix Llobregat	Catalunya	central	
Santa Coloma de Cervelló	Baix Llobregat	Catalunya	central	
Torrelles de Llobregat	Baix Llobregat	Catalunya	central	
Vallirana	Baix Llobregat	Catalunya	central	
Viladecans	Baix Llobregat	Catalunya	central	
el Papiol	Baix Llobregat	Catalunya	central	
el Prat de Llobregat	Baix Llobregat	Catalunya	central	
la Palma de Cervelló	Baix Llobregat	Catalunya	central	
Albinyana	Baix Penedès	Catalunya	central	
Banyeres del Penedès	Baix Penedès	Catalunya	central	
Bellvei	Baix Penedès	Catalunya	central	
Bonastre	Baix Penedès	Catalunya	central	
Calafell	Baix Penedès	Catalunya	central	
Cunit	Baix Penedès	Catalunya	central	
Llorenç del Penedès	Baix Penedès	Catalunya	central	
Masllorenç	Baix Penedès	Catalunya	central	
Sant Jaume dels Domenys	Baix Penedès	Catalunya	central	
Santa Oliva	Baix Penedès	Catalunya	central	
el Montmell	Baix Penedès	Catalunya	central	
el Vendrell	Baix Penedès	Catalunya	central	
l'Arboç	Baix Penedès	Catalunya	central	
la Bisbal del Penedès	Baix Penedès	Catalunya	central	
Alp	Baixa Cerdanya	Catalunya	central	
Bellver de Cerdanya	Baixa Cerdanya	Catalunya	central	
Bolvir	Baixa Cerdanya	Catalunya	central	
Das	Baixa Cerdanya	Catalunya	central	
Fontanals de Cerdanya	Baixa Cerdanya	Catalunya	central	
Ger	Baixa Cerdanya	Catalunya	central	
Guils de Cerdanya	Baixa Cerdanya	Catalunya	central	
Isòvol	Baixa Cerdanya	Catalunya	central	
Lles de Cerdanya	Baixa Cerdanya	Catalunya	central	
Llívia	Baixa Cerdanya	Catalunya	central	
Meranges	Baixa Cerdanya	Catalunya	central	
Montellà i Martinet	Baixa Cerdanya	Catalunya	central	
Prats i Sansor	Baixa Cerdanya	Catalunya	central	
Prullans	Baixa Cerdanya	Catalunya	central	
Puigcerdà	Baixa Cerdanya	Catalunya	central	
Riu de Cerdanya	Baixa Cerdanya	Catalunya	central	
Urús	Baixa Cerdanya	Catalunya	central	
Badalona	Barcelonès	Catalunya	central	
Barcelona	Barcelonès	Catalunya	central	
Sant Adrià de Besòs	Barcelonès	Catalunya	central	
Santa Coloma de Gramenet	Barcelonès	Catalunya	central	
l'Hospitalet de Llobregat	Barcelonès	Catalunya	central	
Avià	Berguedà	Catalunya	central	
Bagà	Berguedà	Catalunya	central	
Berga	Berguedà	Catalunya	central	
Borredà	Berguedà	Catalunya	central	
Capolat	Berguedà	Catalunya	central	
Casserres	Berguedà	Catalunya	central	
Castell de l'Areny	Berguedà	Catalunya	central	
Castellar de n'Hug	Berguedà	Catalunya	central	
Castellar del Riu	Berguedà	Catalunya	central	
Cercs	Berguedà	Catalunya	central	
Fígols	Berguedà	Catalunya	central	
Gironella	Berguedà	Catalunya	central	
Gisclareny	Berguedà	Catalunya	central	
Guardiola de Berguedà	Berguedà	Catalunya	central	
Gósol	Berguedà	Catalunya	central	
Montclar	Berguedà	Catalunya	central	
Montmajor	Berguedà	Catalunya	central	
Olvan	Berguedà	Catalunya	central	
Puig-reig	Berguedà	Catalunya	central	
Sagàs	Berguedà	Catalunya	central	
Saldes	Berguedà	Catalunya	central	
Sant Jaume de Frontanyà	Berguedà	Catalunya	central	
Sant Julià de Cerdanyola	Berguedà	Catalunya	central	
Santa Maria de Merlès	Berguedà	Catalunya	central	
Vallcebre	Berguedà	Catalunya	central	
Vilada	Berguedà	Catalunya	central	
Viver i Serrateix	Berguedà	Catalunya	central	
l'Espunyola	Berguedà	Catalunya	central	
la Nou de Berguedà	Berguedà	Catalunya	central	
la Pobla de Lillet	Berguedà	Catalunya	central	
la Quar	Berguedà	Catalunya	central	
Barberà de la Conca	Conca de Barberà	Catalunya	central	
Blancafort	Conca de Barberà	Catalunya	central	
Conesa	Conca de Barberà	Catalunya	central	
Forès	Conca de Barberà	Catalunya	central	
Llorac	Conca de Barberà	Catalunya	central	
Montblanc	Conca de Barberà	Catalunya	central	
Passanant i Belltall	Conca de Barberà	Catalunya	central	
Pira	Conca de Barberà	Catalunya	central	
Pontils	Conca de Barberà	Catalunya	central	
Rocafort de Queralt	Conca de Barberà	Catalunya	central	
Santa Coloma de Queralt	Conca de Barberà	Catalunya	central	
Sarral	Conca de Barberà	Catalunya	central	
Savallà del Comtat	Conca de Barberà	Catalunya	central	
Senan	Conca de Barberà	Catalunya	central	
Solivella	Conca de Barberà	Catalunya	central	
Vallclara	Conca de Barberà	Catalunya	central	
Vallfogona de Riucorb	Conca de Barberà	Catalunya	central	
Vilanova de Prades	Conca de Barberà	Catalunya	central	
Vilaverd	Conca de Barberà	Catalunya	central	
Vimbodí i Poblet	Conca de Barberà	Catalunya	central	
l'Espluga de Francolí	Conca de Barberà	Catalunya	central	
les Piles	Conca de Barberà	Catalunya	central	
Canyelles	Garraf	Catalunya	central	
Cubelles	Garraf	Catalunya	central	
Olivella	Garraf	Catalunya	central	
Sant Pere de Ribes	Garraf	Catalunya	central	
Sitges	Garraf	Catalunya	central	
Vilanova i la Geltrú	Garraf	Catalunya	central	
Arbeca	Garrigues	Catalunya	northwestern	
Bellaguarda	Garrigues	Catalunya	northwestern	
Bovera	Garrigues	Catalunya	northwestern	
Castelldans	Garrigues	Catalunya	northwestern	
Cervià de les Garrigues	Garrigues	Catalunya	northwestern	
Fulleda	Garrigues	Catalunya	northwestern	
Granyena de les Garrigues	Garrigues	Catalunya	northwestern	
Juncosa	Garrigues	Catalunya	northwestern	
Juneda	Garrigues	Catalunya	northwestern	
Puiggròs	Garrigues	Catalunya	northwestern	
Tarrés	Garrigues	Catalunya	northwestern	
Vinaixa	Garrigues	Catalunya	northwestern	
el Cogul	Garrigues	Catalunya	northwestern	
el Soleràs	Garrigues	Catalunya	northwestern	
el Vilosell	Garrigues	Catalunya	northwestern	
els Omellons	Garrigues	Catalunya	northwestern	
els Torms	Garrigues	Catalunya	northwestern	
l'Albagés	Garrigues	Catalunya	northwestern	
l'Albi	Garrigues	Catalunya	northwestern	
l'Espluga Calba	Garrigues	Catalunya	northwestern	
la Floresta	Garrigues	Catalunya	northwestern	
la Granadella	Garrigues	Catalunya	northwestern	
la Pobla de Cérvoles	Garrigues	Catalunya	northwestern	
les Borges Blanques	Garrigues	Catalunya	northwestern	
Argelaguer	Garrotxa	Catalunya	central	
Besalú	Garrotxa	Catalunya	central	
Beuda	Garrotxa	Catalunya	central	
Castellfollit de la Roca	Garrotxa	Catalunya	central	
Maià de Montcal	Garrotxa	Catalunya	central	
Mieres	Garrotxa	Catalunya	central	
Montagut i Oix	Garrotxa	Catalunya	central	
Olot	Garrotxa	Catalunya	central	
Riudaura	Garrotxa	Catalunya	central	
Sales de Llierca	Garrotxa	Catalunya	central	
Sant Aniol de Finestres	Garrotxa	Catalunya	central	
Sant Feliu de Pallerols	Garrotxa	Catalunya	central	
Sant Ferriol	Garrotxa	Catalunya	central	
Sant Jaume de Llierca	Garrotxa	Catalunya	central	
Sant Joan les Fonts	Garrotxa	Catalunya	central	
Santa Pau	Garrotxa	Catalunya	central	
Tortellà	Garrotxa	Catalunya	central	
la Vall d'en Bas	Garrotxa	Catalunya	central	
la Vall de Bianya	Garrotxa	Catalunya	central	
les Planes d'Hostoles	Garrotxa	Catalunya	central	
les Preses	Garrotxa	Catalunya	central	
Aiguaviva	Gironès	Catalunya	central	
Bescanó	Gironès	Catalunya	central	
Bordils	Gironès	Catalunya	central	
Campllong	Gironès	Catalunya	central	
Canet d'Adri	Gironès	Catalunya	central	
Cassà de la Selva	Gironès	Catalunya	central	
Celrà	Gironès	Catalunya	central	
Cervià de Ter	Gironès	Catalunya	central	
Flaçà	Gironès	Catalunya	central	
Fornells de la Selva	Gironès	Catalunya	central	
Girona	Gironès	Catalunya	central	
Juià	Gironès	Catalunya	central	
Llagostera	Gironès	Catalunya	central	
Llambilles	Gironès	Catalunya	central	
Madremanya	Gironès	Catalunya	central	
Quart	Gironès	Catalunya	central	
Salt	Gironès	Catalunya	central	
Sant Andreu Salou	Gironès	Catalunya	central	
Sant Gregori	Gironès	Catalunya	central	
Sant Joan de Mollet	Gironès	Catalunya	central	
Sant Jordi Desvalls	Gironès	Catalunya	central	
Sant Julià de Ramis	Gironès	Catalunya	central	
Sant Martí Vell	Gironès	Catalunya	central	
Sant Martí de Llémena	Gironès	Catalunya	central	
Sarrià de Ter	Gironès	Catalunya	central	
Vilablareix	Gironès	Catalunya	central	
Viladasens	Gironès	Catalunya	central	
Alpens	Lluçanès	Catalunya	central	
Lluçà	Lluçanès	Catalunya	central	
Olost	Lluçanès	Catalunya	central	
Oristà	Lluçanès	Catalunya	central	
Perafita	Lluçanès	Catalunya	central	
Prats de Lluçanès	Lluçanès	Catalunya	central	
Sant Martí d'Albars	Lluçanès	Catalunya	central	
Sobremunt	Lluçanès	Catalunya	central	
Alella	Maresme	Catalunya	central	
Arenys de Mar	Maresme	Catalunya	central	
Arenys de Munt	Maresme	Catalunya	central	
Argentona	Maresme	Catalunya	central	
Cabrera de Mar	Maresme	Catalunya	central	
Cabrils	Maresme	Catalunya	central	
Caldes d'Estrac	Maresme	Catalunya	central	
Calella	Maresme	Catalunya	central	
Canet de Mar	Maresme	Catalunya	central	
Dosrius	Maresme	Catalunya	central	
Malgrat de Mar	Maresme	Catalunya	central	
Mataró	Maresme	Catalunya	central	
Montgat	Maresme	Catalunya	central	
Palafolls	Maresme	Catalunya	central	
Pineda de Mar	Maresme	Catalunya	central	
Premià de Dalt	Maresme	Catalunya	central	
Premià de Mar	Maresme	Catalunya	central	
Sant Andreu de Llavaneres	Maresme	Catalunya	central	
Sant Cebrià de Vallalta	Maresme	Catalunya	central	
Sant Iscle de Vallalta	Maresme	Catalunya	central	
Sant Pol de Mar	Maresme	Catalunya	central	
Sant Vicenç de Montalt	Maresme	Catalunya	central	
Santa Susanna	Maresme	Catalunya	central	
Teià	Maresme	Catalunya	central	
Tiana	Maresme	Catalunya	central	
Tordera	Maresme	Catalunya	central	
Vilassar de Dalt	Maresme	Catalunya	central	
Vilassar de Mar	Maresme	Catalunya	central	
el Masnou	Maresme	Catalunya	central	
Òrrius	Maresme	Catalunya	central	
Calders	Moianès	Catalunya	central	
Castellcir	Moianès	Catalunya	central	
Castellterçol	Moianès	Catalunya	central	
Collsuspina	Moianès	Catalunya	central	
Granera	Moianès	Catalunya	central	
Moià	Moianès	Catalunya	central	
Monistrol de Calders	Moianès	Catalunya	central	
Sant Quirze Safaja	Moianès	Catalunya	central	
Santa Maria d'Oló	Moianès	Catalunya	central	
l'Estany	Moianès	Catalunya	central	
Alcanar	Montsià	Catalunya	northwestern	
Amposta	Montsià	Catalunya	northwestern	
Freginals	Montsià	Catalunya	northwestern	
Godall	Montsià	Catalunya	northwestern	
La Ràpita (Montsià)	Montsià	Catalunya	northwestern	
Mas de Barberans	Montsià	Catalunya	northwestern	
Masdenverge	Montsià	Catalunya	northwestern	
Sant Jaume d'Enveja	Montsià	Catalunya	northwestern	
Santa Bàrbara	Montsià	Catalunya	northwestern	
Ulldecona	Montsià	Catalunya	northwestern	
la Galera	Montsià	Catalunya	northwestern	
la Sénia	Montsià	Catalunya	northwestern	
Albesa	Noguera	Catalunya	northwestern	
Algerri	Noguera	Catalunya	northwestern	
Alòs de Balaguer	Noguera	Catalunya	northwestern	
Artesa de Segre	Noguera	Catalunya	northwestern	
Balaguer	Noguera	Catalunya	northwestern	
Bellcaire d'Urgell	Noguera	Catalunya	northwestern	
Bellmunt d'Urgell	Noguera	Catalunya	northwestern	
Cabanabona	Noguera	Catalunya	northwestern	
Camarasa	Noguera	Catalunya	northwestern	
Castelló de Farfanya	Noguera	Catalunya	northwestern	
Cubells	Noguera	Catalunya	northwestern	
Foradada	Noguera	Catalunya	northwestern	
Ivars de Noguera	Noguera	Catalunya	northwestern	
Menàrguens	Noguera	Catalunya	northwestern	
Montgai	Noguera	Catalunya	northwestern	
Oliola	Noguera	Catalunya	northwestern	
Os de Balaguer	Noguera	Catalunya	northwestern	
Penelles	Noguera	Catalunya	northwestern	
Ponts	Noguera	Catalunya	northwestern	
Preixens	Noguera	Catalunya	northwestern	
Tiurana	Noguera	Catalunya	northwestern	
Torrelameu	Noguera	Catalunya	northwestern	
Térmens	Noguera	Catalunya	northwestern	
Vallfogona de Balaguer	Noguera	Catalunya	northwestern	
Vilanova de Meià	Noguera	Catalunya	northwestern	
Vilanova de l'Aguda	Noguera	Catalunya	northwestern	
la Baronia de Rialb	Noguera	Catalunya	northwestern	
la Sentiu de Sió	Noguera	Catalunya	northwestern	
les Avellanes i Santa Linya	Noguera	Catalunya	northwestern	
Àger	Noguera	Catalunya	northwestern	
Aiguafreda	Osona	Catalunya	central	
Balenyà	Osona	Catalunya	central	
Calldetenes	Osona	Catalunya	central	
Centelles	Osona	Catalunya	central	
Espinelves	Osona	Catalunya	central	
Folgueroles	Osona	Catalunya	central	
Gurb	Osona	Catalunya	central	
Malla	Osona	Catalunya	central	
Manlleu	Osona	Catalunya	central	
Montesquiu	Osona	Catalunya	central	
Muntanyola	Osona	Catalunya	central	
Orís	Osona	Catalunya	central	
Roda de Ter	Osona	Catalunya	central	
Rupit i Pruit	Osona	Catalunya	central	
Sant Agustí de Lluçanès	Osona	Catalunya	central	
Sant Bartomeu del Grau	Osona	Catalunya	central	
Sant Boi de Lluçanès	Osona	Catalunya	central	
Sant Hipòlit de Voltregà	Osona	Catalunya	central	
Sant Julià de Vilatorta	Osona	Catalunya	central	
Sant Martí de Centelles	Osona	Catalunya	central	
Sant Pere de Torelló	Osona	Catalunya	central	
Sant Quirze de Besora	Osona	Catalunya	central	
Sant Sadurní d'Osormort	Osona	Catalunya	central	
Sant Vicenç de Torelló	Osona	Catalunya	central	
Santa Cecília de Voltregà	Osona	Catalunya	central	
Santa Eugènia de Berga	Osona	Catalunya	central	
Santa Eulàlia de Riuprimer	Osona	Catalunya	central	
Santa Maria de Besora	Osona	Catalunya	central	
Seva	Osona	Catalunya	central	
Sora	Osona	Catalunya	central	
Taradell	Osona	Catalunya	central	
Tavertet	Osona	Catalunya	central	
Tavèrnoles	Osona	Catalunya	central	
Tona (Osona)	Osona	Catalunya	central	
Torelló	Osona	Catalunya	central	
Vic	Osona	Catalunya	central	
Vidrà	Osona	Catalunya	central	
Viladrau	Osona	Catalunya	central	
Vilanova de Sau	Osona	Catalunya	central	
el Brull	Osona	Catalunya	central	
l'Esquirol	Osona	Catalunya	central	
les Masies de Roda	Osona	Catalunya	central	
les Masies de Voltregà	Osona	Catalunya	central	
Abella de la Conca	Pallars Jussà	Catalunya	northwestern	
Castell de Mur	Pallars Jussà	Catalunya	northwestern	
Conca de Dalt	Pallars Jussà	Catalunya	northwestern	
Gavet de la Conca	Pallars Jussà	Catalunya	northwestern	
Isona i Conca Dellà	Pallars Jussà	Catalunya	northwestern	
Llimiana	Pallars Jussà	Catalunya	northwestern	
Salàs de Pallars	Pallars Jussà	Catalunya	northwestern	
Sant Esteve de la Sarga	Pallars Jussà	Catalunya	northwestern	
Sarroca de Bellera	Pallars Jussà	Catalunya	northwestern	
Senterada	Pallars Jussà	Catalunya	northwestern	
Talarn	Pallars Jussà	Catalunya	northwestern	
Tremp	Pallars Jussà	Catalunya	northwestern	
la Pobla de Segur	Pallars Jussà	Catalunya	northwestern	
la Torre de Cabdella	Pallars Jussà	Catalunya	northwestern	
Alins	Pallars Sobirà	Catalunya	northwestern	
Alt Àneu	Pallars Sobirà	Catalunya	northwestern	
Baix Pallars	Pallars Sobirà	Catalunya	northwestern	
Espot	Pallars Sobirà	Catalunya	northwestern	
Esterri d'Àneu	Pallars Sobirà	Catalunya	northwestern	
Esterri de Cardós	Pallars Sobirà	Catalunya	northwestern	
Farrera	Pallars Sobirà	Catalunya	northwestern	
Lladorre	Pallars Sobirà	Catalunya	northwestern	
Llavorsí	Pallars Sobirà	Catalunya	northwestern	
Rialb	Pallars Sobirà	Catalunya	northwestern	
Soriguera	Pallars Sobirà	Catalunya	northwestern	
Sort	Pallars Sobirà	Catalunya	northwestern	
Tírvia	Pallars Sobirà	Catalunya	northwestern	
Vall de Cardós	Pallars Sobirà	Catalunya	northwestern	
la Guingueta d'Àneu	Pallars Sobirà	Catalunya	northwestern	
Barbens	Pla d'Urgell	Catalunya	northwestern	
Bell-lloc d'Urgell	Pla d'Urgell	Catalunya	northwestern	
Bellvís	Pla d'Urgell	Catalunya	northwestern	
Castellnou de Seana	Pla d'Urgell	Catalunya	northwestern	
Fondarella	Pla d'Urgell	Catalunya	northwestern	
Golmés	Pla d'Urgell	Catalunya	northwestern	
Ivars d'Urgell	Pla d'Urgell	Catalunya	northwestern	
Linyola	Pla d'Urgell	Catalunya	northwestern	
Miralcamp	Pla d'Urgell	Catalunya	northwestern	
Mollerussa	Pla d'Urgell	Catalunya	northwestern	
Sidamon	Pla d'Urgell	Catalunya	northwestern	
Torregrossa	Pla d'Urgell	Catalunya	northwestern	
Vila-sana	Pla d'Urgell	Catalunya	northwestern	
Vilanova de Bellpuig	Pla d'Urgell	Catalunya	northwestern	
el Palau d'Anglesola	Pla d'Urgell	Catalunya	northwestern	
el Poal	Pla d'Urgell	Catalunya	northwestern	
Banyoles	Pla de l'Estany	Catalunya	central	
Camós	Pla de l'Estany	Catalunya	central	
Cornellà del Terri	Pla de l'Estany	Catalunya	central	
Crespià	Pla de l'Estany	Catalunya	central	
Esponellà	Pla de l'Estany	Catalunya	central	
Fontcoberta	Pla de l'Estany	Catalunya	central	
Palol de Revardit	Pla de l'Estany	Catalunya	central	
Porqueres	Pla de l'Estany	Catalunya	central	
Sant Miquel de Campmajor	Pla de l'Estany	Catalunya	central	
Serinyà	Pla de l'Estany	Catalunya	central	
Vilademuls	Pla de l'Estany	Catalunya	central	
Bellmunt del Priorat	Priorat	Catalunya	northwestern	
Cabassers	Priorat	Catalunya	northwestern	
Capçanes	Priorat	Catalunya	northwestern	
Cornudella de Montsant	Priorat	Catalunya	northwestern	
Falset	Priorat	Catalunya	northwestern	
Gratallops	Priorat	Catalunya	northwestern	
Margalef	Priorat	Catalunya	northwestern	
Marçà	Priorat	Catalunya	northwestern	
Poboleda	Priorat	Catalunya	northwestern	
Porrera	Priorat	Catalunya	northwestern	
Pradell de la Teixeta	Priorat	Catalunya	northwestern	
Torroja del Priorat	Priorat	Catalunya	northwestern	
Ulldemolins	Priorat	Catalunya	northwestern	
el Lloar	Priorat	Catalunya	northwestern	
el Masroig	Priorat	Catalunya	northwestern	
el Molar	Priorat	Catalunya	northwestern	
els Guiamets	Priorat	Catalunya	northwestern	
la Bisbal de Montsant	Priorat	Catalunya	northwestern	
la Figuera	Priorat	Catalunya	northwestern	
la Morera de Montsant	Priorat	Catalunya	northwestern	
la Torre de Fontaubella	Priorat	Catalunya	northwestern	
la Vilella Alta	Priorat	Catalunya	northwestern	
la Vilella Baixa	Priorat	Catalunya	northwestern	
Ascó	Ribera d'Ebre	Catalunya	northwestern	
Benissanet	Ribera d'Ebre	Catalunya	northwestern	
Flix	Ribera d'Ebre	Catalunya	northwestern	
Garcia	Ribera d'Ebre	Catalunya	northwestern	
Ginestar	Ribera d'Ebre	Catalunya	northwestern	
Miravet	Ribera d'Ebre	Catalunya	northwestern	
Móra d'Ebre	Ribera d'Ebre	Catalunya	northwestern	
Móra la Nova	Ribera d'Ebre	Catalunya	northwestern	
Rasquera	Ribera d'Ebre	Catalunya	northwestern	
Riba-roja d'Ebre	Ribera d'Ebre	Catalunya	northwestern	
Tivissa	Ribera d'Ebre	Catalunya	northwestern	
Vinebre	Ribera d'Ebre	Catalunya	northwestern	
la Palma d'Ebre	Ribera d'Ebre	Catalunya	northwestern	
la Torre de l'Espanyol	Ribera d'Ebre	Catalunya	northwestern	
Campdevànol	Ripollès	Catalunya	central	
Campelles	Ripollès	Catalunya	central	
Camprodon	Ripollès	Catalunya	central	
Gombrèn	Ripollès	Catalunya	central	
Llanars	Ripollès	Catalunya	central	
Molló	Ripollès	Catalunya	central	
Ogassa	Ripollès	Catalunya	central	
Pardines	Ripollès	Catalunya	central	
Planoles	Ripollès	Catalunya	central	
Queralbs	Ripollès	Catalunya	central	
Ribes de Freser	Ripollès	Catalunya	central	
Ripoll	Ripollès	Catalunya	central	
Sant Joan de les Abadesses	Ripollès	Catalunya	central	
Sant Pau de Segúries	Ripollès	Catalunya	central	
Setcases	Ripollès	Catalunya	central	
Toses	Ripollès	Catalunya	central	
Vallfogona de Ripollès	Ripollès	Catalunya	central	
Vilallonga de Ter	Ripollès	Catalunya	central	
les Llosses	Ripollès	Catalunya	central	
Cervera	Segarra	Catalunya	northwestern	
Estaràs	Segarra	Catalunya	northwestern	
Granyanella	Segarra	Catalunya	northwestern	
Granyena de Segarra	Segarra	Catalunya	northwestern	
Guissona	Segarra	Catalunya	northwestern	
Ivorra	Segarra	Catalunya	northwestern	
Massoteres	Segarra	Catalunya	northwestern	
Montoliu de Segarra	Segarra	Catalunya	northwestern	
Montornès de Segarra	Segarra	Catalunya	northwestern	
Ribera d'Ondara	Segarra	Catalunya	northwestern	
Sanaüja	Segarra	Catalunya	northwestern	
Sant Guim de Freixenet	Segarra	Catalunya	northwestern	
Sant Guim de la Plana	Segarra	Catalunya	northwestern	
Sant Ramon	Segarra	Catalunya	northwestern	
Talavera	Segarra	Catalunya	northwestern	
Tarroja de Segarra	Segarra	Catalunya	northwestern	
Torrefeta i Florejacs	Segarra	Catalunya	northwestern	
els Plans de Sió	Segarra	Catalunya	northwestern	
les Oluges	Segarra	Catalunya	northwestern	
Aitona	Segrià	Catalunya	northwestern	
Albatàrrec	Segrià	Catalunya	northwestern	
Alcanó	Segrià	Catalunya	northwestern	
Alcarràs	Segrià	Catalunya	northwestern	
Alcoletge	Segrià	Catalunya	northwestern	
Alfarràs	Segrià	Catalunya	northwestern	
Alfés	Segrià	Catalunya	northwestern	
Alguaire	Segrià	Catalunya	northwestern	
Almacelles	Segrià	Catalunya	northwestern	
Almatret	Segrià	Catalunya	northwestern	
Almenar	Segrià	Catalunya	northwestern	
Alpicat	Segrià	Catalunya	northwestern	
Artesa de Lleida	Segrià	Catalunya	northwestern	
Aspa	Segrià	Catalunya	northwestern	
Benavent de Segrià	Segrià	Catalunya	northwestern	
Corbins	Segrià	Catalunya	northwestern	
Gimenells i el Pla de la Font	Segrià	Catalunya	northwestern	
Llardecans	Segrià	Catalunya	northwestern	
Lleida	Segrià	Catalunya	northwestern	
Maials	Segrià	Catalunya	northwestern	
Massalcoreig	Segrià	Catalunya	northwestern	
Montoliu de Lleida	Segrià	Catalunya	northwestern	
Puigverd de Lleida	Segrià	Catalunya	northwestern	
Rosselló (Segrià)	Segrià	Catalunya	northwestern	
Sarroca de Lleida	Segrià	Catalunya	northwestern	
Seròs	Segrià	Catalunya	northwestern	
Soses	Segrià	Catalunya	northwestern	
Sudanell	Segrià	Catalunya	northwestern	
Sunyer (municipi)	Segrià	Catalunya	northwestern	
Torre-serona	Segrià	Catalunya	northwestern	
Torrebesses	Segrià	Catalunya	northwestern	
Torrefarrera	Segrià	Catalunya	northwestern	
Torres de Segre	Segrià	Catalunya	northwestern	
Vilanova de Segrià	Segrià	Catalunya	northwestern	
Vilanova de la Barca	Segrià	Catalunya	northwestern	
els Alamús	Segrià	Catalunya	northwestern	
la Granja d'Escarp	Segrià	Catalunya	northwestern	
la Portella	Segrià	Catalunya	northwestern	
Amer	Selva	Catalunya	central	
Anglès (la Selva)	Selva	Catalunya	central	
Arbúcies	Selva	Catalunya	central	
Blanes	Selva	Catalunya	central	
Breda	Selva	Catalunya	central	
Brunyola i Sant Martí Sapresa	Selva	Catalunya	central	
Caldes de Malavella	Selva	Catalunya	central	
Fogars de la Selva	Selva	Catalunya	central	
Hostalric	Selva	Catalunya	central	
Lloret de Mar	Selva	Catalunya	central	
Maçanes	Selva	Catalunya	central	
Maçanet de la Selva	Selva	Catalunya	central	
Osor	Selva	Catalunya	central	
Riells i Viabrea	Selva	Catalunya	central	
Riudarenes	Selva	Catalunya	central	
Riudellots de la Selva	Selva	Catalunya	central	
Sant Feliu de Buixalleu	Selva	Catalunya	central	
Sant Hilari Sacalm	Selva	Catalunya	central	
Sant Julià del Llor i Bonmatí	Selva	Catalunya	central	
Santa Coloma de Farners	Selva	Catalunya	central	
Sils	Selva	Catalunya	central	
Susqueda	Selva	Catalunya	central	
Tossa de Mar	Selva	Catalunya	central	
Vidreres	Selva	Catalunya	central	
Vilobí d'Onyar	Selva	Catalunya	central	
la Cellera de Ter	Selva	Catalunya	central	
Biosca	Solsonès	Catalunya	northwestern	
Castellar de la Ribera	Solsonès	Catalunya	northwestern	
Clariana de Cardener	Solsonès	Catalunya	northwestern	
Guixers	Solsonès	Catalunya	northwestern	
Lladurs	Solsonès	Catalunya	northwestern	
Llobera	Solsonès	Catalunya	northwestern	
Navès	Solsonès	Catalunya	northwestern	
Odèn	Solsonès	Catalunya	northwestern	
Olius	Solsonès	Catalunya	northwestern	
Pinell de Solsonès	Solsonès	Catalunya	northwestern	
Pinós	Solsonès	Catalunya	northwestern	
Riner	Solsonès	Catalunya	northwestern	
Sant Llorenç de Morunys	Solsonès	Catalunya	northwestern	
Solsona	Solsonès	Catalunya	northwestern	
Torà	Solsonès	Catalunya	northwestern	
la Coma i la Pedra	Solsonès	Catalunya	northwestern	
la Molsosa	Solsonès	Catalunya	northwestern	
Altafulla	Tarragonès	Catalunya	central	
Constantí	Tarragonès	Catalunya	central	
Creixell	Tarragonès	Catalunya	central	
Perafort	Tarragonès	Catalunya	central	
Renau	Tarragonès	Catalunya	central	
Roda de Berà	Tarragonès	Catalunya	central	
Salomó (Tarragonès)	Tarragonès	Catalunya	central	
Salou	Tarragonès	Catalunya	central	
Tarragona	Tarragonès	Catalunya	central	
Torredembarra	Tarragonès	Catalunya	central	
Vespella de Gaià	Tarragonès	Catalunya	central	
Vila-seca	Tarragonès	Catalunya	central	
Vilallonga del Camp	Tarragonès	Catalunya	central	
el Catllar	Tarragonès	Catalunya	central	
el Morell	Tarragonès	Catalunya	central	
els Pallaresos	Tarragonès	Catalunya	central	
la Canonja	Tarragonès	Catalunya	central	
la Nou de Gaià	Tarragonès	Catalunya	central	
la Pobla de Mafumet	Tarragonès	Catalunya	central	
la Pobla de Montornès	Tarragonès	Catalunya	central	
la Riera de Gaià	Tarragonès	Catalunya	central	
la Secuita	Tarragonès	Catalunya	central	
Arnes	Terra Alta	Catalunya	northwestern	
Batea	Terra Alta	Catalunya	northwestern	
Bot (Terra Alta)	Terra Alta	Catalunya	northwestern	
Caseres	Terra Alta	Catalunya	northwestern	
Corbera d'Ebre	Terra Alta	Catalunya	northwestern	
Gandesa	Terra Alta	Catalunya	northwestern	
Horta de Sant Joan	Terra Alta	Catalunya	northwestern	
Prat de Comte	Terra Alta	Catalunya	northwestern	
Vilalba dels Arcs	Terra Alta	Catalunya	northwestern	
el Pinell de Brai	Terra Alta	Catalunya	northwestern	
la Fatarella	Terra Alta	Catalunya	northwestern	
la Pobla de Massaluca	Terra Alta	Catalunya	northwestern	
Agramunt	Urgell	Catalunya	northwestern	
Anglesola	Urgell	Catalunya	northwestern	
Belianes	Urgell	Catalunya	northwestern	
Bellpuig	Urgell	Catalunya	northwestern	
Castellserà	Urgell	Catalunya	northwestern	
Ciutadilla	Urgell	Catalunya	northwestern	
Guimerà	Urgell	Catalunya	northwestern	
Maldà	Urgell	Catalunya	northwestern	
Nalec	Urgell	Catalunya	northwestern	
Ossó de Sió	Urgell	Catalunya	northwestern	
Preixana	Urgell	Catalunya	northwestern	
Puigverd d'Agramunt	Urgell	Catalunya	northwestern	
Sant Martí de Riucorb	Urgell	Catalunya	northwestern	
Tornabous	Urgell	Catalunya	northwestern	
Tàrrega	Urgell	Catalunya	northwestern	
Vallbona de les Monges	Urgell	Catalunya	northwestern	
Verdú	Urgell	Catalunya	northwestern	
Vilagrassa	Urgell	Catalunya	northwestern	
els Omells de na Gaia	Urgell	Catalunya	northwestern	
la Fuliola	Urgell	Catalunya	northwestern	
Arres	Vall d'Aran	Catalunya	unknown	Aranès (occità) hi és la llengua pròpia, no català
Bausen	Vall d'Aran	Catalunya	unknown	Aranès (occità) hi és la llengua pròpia, no català
Bossòst	Vall d'Aran	Catalunya	unknown	Aranès (occità) hi és la llengua pròpia, no català
Canejan	Vall d'Aran	Catalunya	unknown	Aranès (occità) hi és la llengua pròpia, no català
Es Bòrdes	Vall d'Aran	Catalunya	unknown	Aranès (occità) hi és la llengua pròpia, no català
Les	Vall d'Aran	Catalunya	unknown	Aranès (occità) hi és la llengua pròpia, no català
Naut Aran	Vall d'Aran	Catalunya	unknown	Aranès (occità) hi és la llengua pròpia, no català
Vielha e Mijaran	Vall d'Aran	Catalunya	unknown	Aranès (occità) hi és la llengua pròpia, no català
Vilamòs	Vall d'Aran	Catalunya	unknown	Aranès (occità) hi és la llengua pròpia, no català
Badia del Vallès	Vallès Occidental	Catalunya	central	
Barberà del Vallès	Vallès Occidental	Catalunya	central	
Castellar del Vallès	Vallès Occidental	Catalunya	central	
Castellbisbal	Vallès Occidental	Catalunya	central	
Cerdanyola del Vallès	Vallès Occidental	Catalunya	central	
Gallifa	Vallès Occidental	Catalunya	central	
Matadepera	Vallès Occidental	Catalunya	central	
Montcada i Reixac	Vallès Occidental	Catalunya	central	
Palau-solità i Plegamans	Vallès Occidental	Catalunya	central	
Polinyà	Vallès Occidental	Catalunya	central	
Rellinars	Vallès Occidental	Catalunya	central	
Ripollet	Vallès Occidental	Catalunya	central	
Rubí	Vallès Occidental	Catalunya	central	
Sabadell	Vallès Occidental	Catalunya	central	
Sant Cugat del Vallès	Vallès Occidental	Catalunya	central	
Sant Llorenç Savall	Vallès Occidental	Catalunya	central	
Sant Quirze del Vallès	Vallès Occidental	Catalunya	central	
Santa Perpètua de Mogoda	Vallès Occidental	Catalunya	central	
Sentmenat	Vallès Occidental	Catalunya	central	
Terrassa	Vallès Occidental	Catalunya	central	
Ullastrell	Vallès Occidental	Catalunya	central	
Vacarisses	Vallès Occidental	Catalunya	central	
Viladecavalls	Vallès Occidental	Catalunya	central	
Bigues i Riells del Fai	Vallès Oriental	Catalunya	central	
Caldes de Montbui	Vallès Oriental	Catalunya	central	
Campins	Vallès Oriental	Catalunya	central	
Canovelles	Vallès Oriental	Catalunya	central	
Cardedeu	Vallès Oriental	Catalunya	central	
Cànoves i Samalús	Vallès Oriental	Catalunya	central	
El Figueró i Montmany	Vallès Oriental	Catalunya	central	
Fogars de Montclús	Vallès Oriental	Catalunya	central	
Granollers	Vallès Oriental	Catalunya	central	
Gualba	Vallès Oriental	Catalunya	central	
Llinars del Vallès	Vallès Oriental	Catalunya	central	
Lliçà d'Amunt	Vallès Oriental	Catalunya	central	
Lliçà de Vall	Vallès Oriental	Catalunya	central	
Martorelles	Vallès Oriental	Catalunya	central	
Mollet del Vallès	Vallès Oriental	Catalunya	central	
Montmeló	Vallès Oriental	Catalunya	central	
Montornès del Vallès	Vallès Oriental	Catalunya	central	
Montseny	Vallès Oriental	Catalunya	central	
Parets del Vallès	Vallès Oriental	Catalunya	central	
Sant Antoni de Vilamajor	Vallès Oriental	Catalunya	central	
Sant Celoni	Vallès Oriental	Catalunya	central	
Sant Esteve de Palautordera	Vallès Oriental	Catalunya	central	
Sant Feliu de Codines	Vallès Oriental	Catalunya	central	
Sant Fost de Campsentelles	Vallès Oriental	Catalunya	central	
Sant Pere de Vilamajor	Vallès Oriental	Catalunya	central	
Santa Eulàlia de Ronçana	Vallès Oriental	Catalunya	central	
Santa Maria de Martorelles	Vallès Oriental	Catalunya	central	
Santa Maria de Palautordera	Vallès Oriental	Catalunya	central	
Tagamanent	Vallès Oriental	Catalunya	central	
Vallgorguina	Vallès Oriental	Catalunya	central	
Vallromanes	Vallès Oriental	Catalunya	central	
Vilalba Sasserra	Vallès Oriental	Catalunya	central	
Vilanova del Vallès	Vallès Oriental	Catalunya	central	
l'Ametlla del Vallès	Vallès Oriental	Catalunya	central	
la Garriga	Vallès Oriental	Catalunya	central	
la Llagosta	Vallès Oriental	Catalunya	central	
la Roca del Vallès	Vallès Oriental	Catalunya	central	
les Franqueses del Vallès	Vallès Oriental	Catalunya	central	
Font-rabiosa	Capcir	Catalunya Nord	septentrional	
Formiguera	Capcir	Catalunya Nord	septentrional	
Matamala (comuna del Capcir)	Capcir	Catalunya Nord	septentrional	
Puigbalador	Capcir	Catalunya Nord	septentrional	
Real (Capcir)	Capcir	Catalunya Nord	septentrional	
els Angles	Capcir	Catalunya Nord	septentrional	
la Llaguna	Capcir	Catalunya Nord	septentrional	
Angostrina i Vilanova de les Escaldes	Cerdanya	Catalunya Nord	septentrional	
Bolquera	Cerdanya	Catalunya Nord	septentrional	
Dorres	Cerdanya	Catalunya Nord	septentrional	
Eina (Cerdanya)	Cerdanya	Catalunya Nord	septentrional	
Enveig	Cerdanya	Catalunya Nord	septentrional	
Er (Cerdanya)	Cerdanya	Catalunya Nord	septentrional	
Estavar	Cerdanya	Catalunya Nord	septentrional	
Font-romeu, Odelló i Vià	Cerdanya	Catalunya Nord	septentrional	
Llo	Cerdanya	Catalunya Nord	septentrional	
Montlluís	Cerdanya	Catalunya Nord	septentrional	
Naüja	Cerdanya	Catalunya Nord	septentrional	
Oceja	Cerdanya	Catalunya Nord	septentrional	
Palau de Cerdanya	Cerdanya	Catalunya Nord	septentrional	
Planès	Cerdanya	Catalunya Nord	septentrional	
Porta (Alta Cerdanya)	Cerdanya	Catalunya Nord	septentrional	
Portè	Cerdanya	Catalunya Nord	septentrional	
Sallagosa	Cerdanya	Catalunya Nord	septentrional	
Sant Pere dels Forcats	Cerdanya	Catalunya Nord	septentrional	
Santa Llocaia	Cerdanya	Catalunya Nord	septentrional	
Targasona	Cerdanya	Catalunya Nord	septentrional	
Ur (Cerdanya)	Cerdanya	Catalunya Nord	septentrional	
Vallcebollera	Cerdanya	Catalunya Nord	septentrional	
la Cabanassa	Cerdanya	Catalunya Nord	septentrional	
la Guingueta d'Ix	Cerdanya	Catalunya Nord	septentrional	
la Tor de Querol	Cerdanya	Catalunya Nord	septentrional	
Èguet	Cerdanya	Catalunya Nord	septentrional	
Aiguatèbia i Talau	Conflent	Catalunya Nord	septentrional	
Arboçols	Conflent	Catalunya Nord	septentrional	
Campome	Conflent	Catalunya Nord	septentrional	
Canavelles	Conflent	Catalunya Nord	septentrional	
Castell de Vernet	Conflent	Catalunya Nord	septentrional	
Catllà	Conflent	Catalunya Nord	septentrional	
Caudiers de Conflent	Conflent	Catalunya Nord	septentrional	
Censà	Conflent	Catalunya Nord	septentrional	
Clarà i Villerac	Conflent	Catalunya Nord	septentrional	
Codalet	Conflent	Catalunya Nord	septentrional	
Conat	Conflent	Catalunya Nord	septentrional	
Cornellà de Conflent	Conflent	Catalunya Nord	septentrional	
Escaró	Conflent	Catalunya Nord	septentrional	
Espirà de Conflent	Conflent	Catalunya Nord	septentrional	
Estoer	Conflent	Catalunya Nord	septentrional	
Eus	Conflent	Catalunya Nord	septentrional	
Fillols	Conflent	Catalunya Nord	septentrional	
Finestret	Conflent	Catalunya Nord	septentrional	
Fontpedrosa	Conflent	Catalunya Nord	septentrional	
Fullà	Conflent	Catalunya Nord	septentrional	
Glorianes	Conflent	Catalunya Nord	septentrional	
Jóc	Conflent	Catalunya Nord	septentrional	
Jújols	Conflent	Catalunya Nord	septentrional	
Marqueixanes	Conflent	Catalunya Nord	septentrional	
Mentet	Conflent	Catalunya Nord	septentrional	
Molig	Conflent	Catalunya Nord	septentrional	
Mosset	Conflent	Catalunya Nord	septentrional	
Noedes	Conflent	Catalunya Nord	septentrional	
Nyer	Conflent	Catalunya Nord	septentrional	
Oleta i Èvol	Conflent	Catalunya Nord	septentrional	
Orbanyà	Conflent	Catalunya Nord	septentrional	
Orellà	Conflent	Catalunya Nord	septentrional	
Pi de Conflent	Conflent	Catalunya Nord	septentrional	
Prada	Conflent	Catalunya Nord	septentrional	
Ralleu	Conflent	Catalunya Nord	septentrional	
Rigardà	Conflent	Catalunya Nord	septentrional	
Rià i Cirac	Conflent	Catalunya Nord	septentrional	
Rodès	Conflent	Catalunya Nord	septentrional	
Saorra	Conflent	Catalunya Nord	septentrional	
Sautó	Conflent	Catalunya Nord	septentrional	
Serdinyà	Conflent	Catalunya Nord	septentrional	
Soanyes	Conflent	Catalunya Nord	septentrional	
Tarerac	Conflent	Catalunya Nord	septentrional	
Taurinyà	Conflent	Catalunya Nord	septentrional	
Toès i Entrevalls	Conflent	Catalunya Nord	septentrional	
Vallestàvia	Conflent	Catalunya Nord	septentrional	
Vallmanya	Conflent	Catalunya Nord	septentrional	
Vernet	Conflent	Catalunya Nord	septentrional	
Vilafranca de Conflent	Conflent	Catalunya Nord	septentrional	
Vinçà	Conflent	Catalunya Nord	septentrional	
els Masos	Conflent	Catalunya Nord	septentrional	
Comarca	Població	Catalunya Nord	septentrional	
Alenyà	Rosselló	Catalunya Nord	septentrional	
Argelers	Rosselló	Catalunya Nord	septentrional	
Bages de Rosselló	Rosselló	Catalunya Nord	septentrional	
Baixàs	Rosselló	Catalunya Nord	septentrional	
Banyuls de la Marenda	Rosselló	Catalunya Nord	septentrional	
Banyuls dels Aspres	Rosselló	Catalunya Nord	septentrional	
Bao	Rosselló	Catalunya Nord	septentrional	
Bompàs	Rosselló	Catalunya Nord	septentrional	
Brullà	Rosselló	Catalunya Nord	septentrional	
Bula d'Amunt	Rosselló	Catalunya Nord	septentrional	
Bulaternera	Rosselló	Catalunya Nord	septentrional	
Cabestany	Rosselló	Catalunya Nord	septentrional	
Calce	Rosselló	Catalunya Nord	septentrional	
Calmella	Rosselló	Catalunya Nord	septentrional	
Cameles	Rosselló	Catalunya Nord	septentrional	
Canet de Rosselló	Rosselló	Catalunya Nord	septentrional	
Casafabre	Rosselló	Catalunya Nord	septentrional	
Cases de Pena	Rosselló	Catalunya Nord	septentrional	
Castellnou dels Aspres	Rosselló	Catalunya Nord	septentrional	
Cervera de la Marenda	Rosselló	Catalunya Nord	septentrional	
Clairà	Rosselló	Catalunya Nord	septentrional	
Corbera (Rosselló)	Rosselló	Catalunya Nord	septentrional	
Corbera la Cabana	Rosselló	Catalunya Nord	septentrional	
Cornellà de la Ribera	Rosselló	Catalunya Nord	septentrional	
Cornellà del Bercol	Rosselló	Catalunya Nord	septentrional	
Cotlliure	Rosselló	Catalunya Nord	septentrional	
Cànoes	Rosselló	Catalunya Nord	septentrional	
El Soler (Rosselló)	Rosselló	Catalunya Nord	septentrional	
Elna	Rosselló	Catalunya Nord	septentrional	
Espirà de l'Aglí	Rosselló	Catalunya Nord	septentrional	
Estagell	Rosselló	Catalunya Nord	septentrional	
Forques	Rosselló	Catalunya Nord	septentrional	
Illa (Rosselló)	Rosselló	Catalunya Nord	septentrional	
Llauró	Rosselló	Catalunya Nord	septentrional	
Llupià	Rosselló	Catalunya Nord	septentrional	
Millars (Rosselló)	Rosselló	Catalunya Nord	septentrional	
Montescot	Rosselló	Catalunya Nord	septentrional	
Montesquiu d'Albera	Rosselló	Catalunya Nord	septentrional	
Montner	Rosselló	Catalunya Nord	septentrional	
Montoriol	Rosselló	Catalunya Nord	septentrional	
Nefiac	Rosselló	Catalunya Nord	septentrional	
Oms	Rosselló	Catalunya Nord	septentrional	
Ortafà	Rosselló	Catalunya Nord	septentrional	
Palau del Vidre	Rosselló	Catalunya Nord	septentrional	
Paretstortes	Rosselló	Catalunya Nord	septentrional	
Paçà	Rosselló	Catalunya Nord	septentrional	
Perpinyà	Rosselló	Catalunya Nord	septentrional	
Pesillà de la Ribera	Rosselló	Catalunya Nord	septentrional	
Pià	Rosselló	Catalunya Nord	septentrional	
Pollestres	Rosselló	Catalunya Nord	septentrional	
Pontellà	Rosselló	Catalunya Nord	septentrional	
Portvendres	Rosselló	Catalunya Nord	septentrional	
Prunet i Bellpuig	Rosselló	Catalunya Nord	septentrional	
Queixàs	Rosselló	Catalunya Nord	septentrional	
Ribesaltes	Rosselló	Catalunya Nord	septentrional	
Salelles	Rosselló	Catalunya Nord	septentrional	
Salses	Rosselló	Catalunya Nord	septentrional	
Sant Andreu de Sureda	Rosselló	Catalunya Nord	septentrional	
Sant Cebrià de Rosselló	Rosselló	Catalunya Nord	septentrional	
Sant Esteve del Monestir	Rosselló	Catalunya Nord	septentrional	
Sant Feliu d'Amunt	Rosselló	Catalunya Nord	septentrional	
Sant Feliu d'Avall	Rosselló	Catalunya Nord	septentrional	
Sant Genís de Fontanes	Rosselló	Catalunya Nord	septentrional	
Sant Hipòlit de la Salanca	Rosselló	Catalunya Nord	septentrional	
Sant Joan la Cella	Rosselló	Catalunya Nord	septentrional	
Sant Llorenç de la Salanca	Rosselló	Catalunya Nord	septentrional	
Sant Marçal (Rosselló)	Rosselló	Catalunya Nord	septentrional	
Sant Miquel de Llotes	Rosselló	Catalunya Nord	septentrional	
Sant Nazari de Rosselló	Rosselló	Catalunya Nord	septentrional	
Santa Coloma de Tuïr	Rosselló	Catalunya Nord	septentrional	
Santa Maria la Mar	Rosselló	Catalunya Nord	septentrional	
Sureda (Rosselló)	Rosselló	Catalunya Nord	septentrional	
Talteüll	Rosselló	Catalunya Nord	septentrional	
Tellet	Rosselló	Catalunya Nord	septentrional	
Terrats	Rosselló	Catalunya Nord	septentrional	
Tesà	Rosselló	Catalunya Nord	septentrional	
Teulís	Rosselló	Catalunya Nord	septentrional	
Toluges	Rosselló	Catalunya Nord	septentrional	
Torderes	Rosselló	Catalunya Nord	septentrional	
Torrelles de la Salanca	Rosselló	Catalunya Nord	septentrional	
Trasserra	Rosselló	Catalunya Nord	septentrional	
Trullars	Rosselló	Catalunya Nord	septentrional	
Tuïr	Rosselló	Catalunya Nord	septentrional	
Vilallonga de la Salanca	Rosselló	Catalunya Nord	septentrional	
Vilallonga dels Monts	Rosselló	Catalunya Nord	septentrional	
Vilamulaca	Rosselló	Catalunya Nord	septentrional	
Vilanova de Raò	Rosselló	Catalunya Nord	septentrional	
Vilanova de la Ribera	Rosselló	Catalunya Nord	septentrional	
Vingrau	Rosselló	Catalunya Nord	septentrional	
Vivers	Rosselló	Catalunya Nord	septentrional	
el Barcarès	Rosselló	Catalunya Nord	septentrional	
el Voló	Rosselló	Catalunya Nord	septentrional	
la Bastida	Rosselló	Catalunya Nord	septentrional	
la Roca d'Albera	Rosselló	Catalunya Nord	septentrional	
la Torre d'Elna	Rosselló	Catalunya Nord	septentrional	
Òpol i Perellós	Rosselló	Catalunya Nord	septentrional	
Arles	Vallespir	Catalunya Nord	septentrional	
Ceret	Vallespir	Catalunya Nord	septentrional	
Cortsaví	Vallespir	Catalunya Nord	septentrional	
Costoja (Vallespir)	Vallespir	Catalunya Nord	septentrional	
Montboló	Vallespir	Catalunya Nord	septentrional	
Montferrer	Vallespir	Catalunya Nord	septentrional	
Morellàs i les Illes	Vallespir	Catalunya Nord	septentrional	
Prats de Molló i la Presta	Vallespir	Catalunya Nord	septentrional	
Reiners	Vallespir	Catalunya Nord	septentrional	
Sant Joan de Pladecorts	Vallespir	Catalunya Nord	septentrional	
Sant Llorenç de Cerdans	Vallespir	Catalunya Nord	septentrional	
Serrallonga (Vallespir)	Vallespir	Catalunya Nord	septentrional	
el Pertús	Vallespir	Catalunya Nord	septentrional	
el Tec	Vallespir	Catalunya Nord	septentrional	
els Banys i Palaldà	Vallespir	Catalunya Nord	septentrional	
l'Albera	Vallespir	Catalunya Nord	septentrional	
la Menera	Vallespir	Catalunya Nord	septentrional	
les Cluses	Vallespir	Catalunya Nord	septentrional	
Bellver de Cinca	Baix Cinca	Franja de Ponent	unknown	aragonesòfon
Campdàsens	Baix Cinca	Franja de Ponent	unknown	aragonesòfon
Fraga	Baix Cinca	Franja de Ponent	northwestern	
Mequinensa	Baix Cinca	Franja de Ponent	northwestern	
Ontinyena	Baix Cinca	Franja de Ponent	unknown	aragonesòfon
Ossó de Cinca	Baix Cinca	Franja de Ponent	unknown	aragonesòfon
Saidí	Baix Cinca	Franja de Ponent	northwestern	
Torrent de Cinca	Baix Cinca	Franja de Ponent	northwestern	
Vallobar	Baix Cinca	Franja de Ponent	unknown	aragonesòfon
Vilella de Cinca	Baix Cinca	Franja de Ponent	northwestern	
Xalamera	Baix Cinca	Franja de Ponent	unknown	aragonesòfon
Albelda	Llitera	Franja de Ponent	northwestern	
Baells	Llitera	Franja de Ponent	northwestern	
Binèfar	Llitera	Franja de Ponent	northwestern	capital comarcal, tradicionalment de parla més castellanitzada
Camporrells	Llitera	Franja de Ponent	northwestern	
Castellonroi	Llitera	Franja de Ponent	northwestern	
Esplucs	Llitera	Franja de Ponent	northwestern	alguns nuclis de llengua incerta
Peralta i Calassanç	Llitera	Franja de Ponent	northwestern	
Sant Esteve de Llitera	Llitera	Franja de Ponent	northwestern	
Sanui i Alins	Llitera	Franja de Ponent	northwestern	Sanui catalanòfon, Alins aragonòfon
Tamarit de Llitera	Llitera	Franja de Ponent	northwestern	
Valldellou	Llitera	Franja de Ponent	northwestern	
Vensilló	Llitera	Franja de Ponent	northwestern	llengua vehicular no assegurada
el Campell	Llitera	Franja de Ponent	northwestern	
el Torricó	Llitera	Franja de Ponent	northwestern	
Arenys de Lledó	Matarranya	Franja de Ponent	northwestern	
Beseit	Matarranya	Franja de Ponent	northwestern	
Calaceit	Matarranya	Franja de Ponent	northwestern	
Fondespatla	Matarranya	Franja de Ponent	northwestern	
Fórnols de Matarranya	Matarranya	Franja de Ponent	northwestern	
Lledó d'Algars	Matarranya	Franja de Ponent	northwestern	
Massalió	Matarranya	Franja de Ponent	northwestern	
Mont-roig de Tastavins	Matarranya	Franja de Ponent	northwestern	
Pena-roja	Matarranya	Franja de Ponent	northwestern	
Queretes	Matarranya	Franja de Ponent	northwestern	
Ràfels	Matarranya	Franja de Ponent	northwestern	
Torredarques	Matarranya	Franja de Ponent	northwestern	
Vall-de-roures	Matarranya	Franja de Ponent	northwestern	
Valljunquera	Matarranya	Franja de Ponent	northwestern	
la Freixneda	Matarranya	Franja de Ponent	northwestern	
la Portellada	Matarranya	Franja de Ponent	northwestern	
la Torre del Comte	Matarranya	Franja de Ponent	northwestern	
la Vall de Tormo	Matarranya	Franja de Ponent	northwestern	
Benavarri	Ribagorça	Franja de Ponent	northwestern	
Beranui	Ribagorça	Franja de Ponent	northwestern	
Castigaleu	Ribagorça	Franja de Ponent	northwestern	
Estopanyà	Ribagorça	Franja de Ponent	northwestern	
Isàvena	Ribagorça	Franja de Ponent	northwestern	
Lasquarri	Ribagorça	Franja de Ponent	northwestern	
Monesma i Queixigar	Ribagorça	Franja de Ponent	northwestern	
Tolba	Ribagorça	Franja de Ponent	northwestern	
Tor-la-ribera	Ribagorça	Franja de Ponent	northwestern	
Viacamp i Lliterà	Ribagorça	Franja de Ponent	northwestern	
Sant Antoni de Portmany	Eivissa	Illes Balears	balearic	
Sant Joan de Labritja	Eivissa	Illes Balears	balearic	
Sant Josep de sa Talaia	Eivissa	Illes Balears	balearic	
Santa Eulària des Riu	Eivissa	Illes Balears	balearic	
Formentera	Formentera	Illes Balears	balearic	
Eivissa (municipi)	Illa d'Eivissa	Illes Balears	balearic	
Alaró	Mallorca	Illes Balears	balearic	
Alcúdia	Mallorca	Illes Balears	balearic	
Algaida	Mallorca	Illes Balears	balearic	
Andratx	Mallorca	Illes Balears	balearic	
Ariany	Mallorca	Illes Balears	balearic	
Artà	Mallorca	Illes Balears	balearic	
Banyalbufar	Mallorca	Illes Balears	balearic	
Binissalem	Mallorca	Illes Balears	balearic	
Bunyola	Mallorca	Illes Balears	balearic	
Búger	Mallorca	Illes Balears	balearic	
Calvià	Mallorca	Illes Balears	balearic	
Campanet	Mallorca	Illes Balears	balearic	
Campos	Mallorca	Illes Balears	balearic	
Capdepera	Mallorca	Illes Balears	balearic	
Consell	Mallorca	Illes Balears	balearic	
Costitx	Mallorca	Illes Balears	balearic	
Deià	Mallorca	Illes Balears	balearic	
Escorca	Mallorca	Illes Balears	balearic	
Esporles	Mallorca	Illes Balears	balearic	
Establiments	Mallorca	Illes Balears	balearic	
Estellencs	Mallorca	Illes Balears	balearic	
Felanitx	Mallorca	Illes Balears	balearic	
Fornalutx	Mallorca	Illes Balears	balearic	
Inca (Mallorca)	Mallorca	Illes Balears	balearic	
Lloret de Vistalegre	Mallorca	Illes Balears	balearic	
Lloseta	Mallorca	Illes Balears	balearic	
Llubí	Mallorca	Illes Balears	balearic	
Llucmajor	Mallorca	Illes Balears	balearic	
Manacor	Mallorca	Illes Balears	balearic	
Mancor de la Vall	Mallorca	Illes Balears	balearic	
Maria de la Salut	Mallorca	Illes Balears	balearic	
Marratxí	Mallorca	Illes Balears	balearic	
Montuïri	Mallorca	Illes Balears	balearic	
Muro (Mallorca)	Mallorca	Illes Balears	balearic	
Palma	Mallorca	Illes Balears	balearic	
Petra (Mallorca)	Mallorca	Illes Balears	balearic	
Pollença	Mallorca	Illes Balears	balearic	
Porreres	Mallorca	Illes Balears	balearic	
Puigpunyent	Mallorca	Illes Balears	balearic	
S'Arracó	Mallorca	Illes Balears	balearic	
Sa Pobla	Mallorca	Illes Balears	balearic	
Sant Joan (Mallorca)	Mallorca	Illes Balears	balearic	
Sant Llorenç des Cardassar	Mallorca	Illes Balears	balearic	
Santa Eugènia (municipi de Mallorca)	Mallorca	Illes Balears	balearic	
Santa Margalida	Mallorca	Illes Balears	balearic	
Santa Maria del Camí	Mallorca	Illes Balears	balearic	
Santanyí	Mallorca	Illes Balears	balearic	
Selva (Mallorca)	Mallorca	Illes Balears	balearic	
Sencelles	Mallorca	Illes Balears	balearic	
Ses Salines	Mallorca	Illes Balears	balearic	
Sineu	Mallorca	Illes Balears	balearic	
Son Servera	Mallorca	Illes Balears	balearic	
Sóller	Mallorca	Illes Balears	balearic	
Valldemossa	Mallorca	Illes Balears	balearic	
Vilafranca de Bonany	Mallorca	Illes Balears	balearic	
Alaior	Menorca	Illes Balears	balearic	
Ciutadella de Menorca	Menorca	Illes Balears	balearic	
Es Mercadal	Menorca	Illes Balears	balearic	
Es Migjorn Gran	Menorca	Illes Balears	balearic	
Ferreries	Menorca	Illes Balears	balearic	
Maó	Menorca	Illes Balears	balearic	
Sant Lluís	Menorca	Illes Balears	balearic	
es Castell	Menorca	Illes Balears	balearic	
Agost (Alacantí)	Alacantí	País Valencià	valencian	
Aigües	Alacantí	País Valencià	valencian	
Alacant	Alacantí	País Valencià	valencian	
Busot	Alacantí	País Valencià	valencian	
Mutxamel	Alacantí	País Valencià	valencian	
Sant Joan d'Alacant	Alacantí	País Valencià	valencian	
Sant Vicent del Raspeig	Alacantí	País Valencià	valencian	
Xixona	Alacantí	País Valencià	valencian	
el Campello	Alacantí	País Valencià	valencian	
la Torre de les Maçanes	Alacantí	País Valencià	valencian	
Costur	Alcalatén	País Valencià	valencian	
Figueroles	Alcalatén	País Valencià	valencian	
Llucena	Alcalatén	País Valencià	valencian	
Vistabella del Maestrat	Alcalatén	País Valencià	valencian	
Xodos	Alcalatén	País Valencià	valencian	
l'Alcora	Alcalatén	País Valencià	valencian	
les Useres	Alcalatén	País Valencià	valencian	
Alcoi	Alcoià	País Valencià	valencian	
Banyeres de Mariola	Alcoià	País Valencià	valencian	
Benifallim	Alcoià	País Valencià	valencian	
Castalla	Alcoià	País Valencià	valencian	
Ibi	Alcoià	País Valencià	valencian	
Onil	Alcoià	País Valencià	valencian	
Penàguila	Alcoià	País Valencià	valencian	
Tibi	Alcoià	País Valencià	valencian	
Albocàsser (Alt Maestrat)	Alt Maestrat	País Valencià	valencian	
Ares del Maestrat	Alt Maestrat	País Valencià	valencian	
Atzeneta del Maestrat	Alt Maestrat	País Valencià	valencian	
Benafigos	Alt Maestrat	País Valencià	valencian	
Benassal	Alt Maestrat	País Valencià	valencian	
Catí	Alt Maestrat	País Valencià	valencian	
Culla	Alt Maestrat	País Valencià	valencian	
Tírig	Alt Maestrat	País Valencià	valencian	
Vilar de Canes	Alt Maestrat	País Valencià	valencian	
la Serratella	Alt Maestrat	País Valencià	valencian	
la Torre d'en Besora	Alt Maestrat	País Valencià	valencian	
Aiòder	Alt Millars	País Valencià	unknown	zona històricament castellanoparlant del País Valencià
Aranyel	Alt Millars	País Valencià	unknown	zona històricament castellanoparlant del País Valencià
Argeleta	Alt Millars	País Valencià	unknown	zona històricament castellanoparlant del País Valencià
Cirat	Alt Millars	País Valencià	unknown	zona històricament castellanoparlant del País Valencià
Cortes d'Arenós	Alt Millars	País Valencià	unknown	zona històricament castellanoparlant del País Valencià
Espadella (Alt Millars)	Alt Millars	País Valencià	unknown	zona històricament castellanoparlant del País Valencià
Fanzara	Alt Millars	País Valencià	unknown	zona històricament castellanoparlant del País Valencià
Lludient	Alt Millars	País Valencià	unknown	zona històricament castellanoparlant del País Valencià
Montanejos	Alt Millars	País Valencià	unknown	zona històricament castellanoparlant del País Valencià
Montant	Alt Millars	País Valencià	unknown	zona històricament castellanoparlant del País Valencià
Sucaina	Alt Millars	País Valencià	unknown	zona històricament castellanoparlant del País Valencià
Toga	Alt Millars	País Valencià	unknown	zona històricament castellanoparlant del País Valencià
Torralba (Alt Millars)	Alt Millars	País Valencià	unknown	zona històricament castellanoparlant del País Valencià
Torre-xiva	Alt Millars	País Valencià	unknown	zona històricament castellanoparlant del País Valencià
Vallat	Alt Millars	País Valencià	unknown	zona històricament castellanoparlant del País Valencià
Vilafermosa	Alt Millars	País Valencià	unknown	zona històricament castellanoparlant del País Valencià
Vilamalur	Alt Millars	País Valencià	unknown	zona històricament castellanoparlant del País Valencià
Vilanova de Viver	Alt Millars	País Valencià	unknown	zona històricament castellanoparlant del País Valencià
el Castell de Vilamalefa	Alt Millars	País Valencià	unknown	zona històricament castellanoparlant del País Valencià
la Font de la Reina	Alt Millars	País Valencià	unknown	zona històricament castellanoparlant del País Valencià
la Pobla d'Arenós	Alt Millars	País Valencià	unknown	zona històricament castellanoparlant del País Valencià
les Fonts d'Aiòder	Alt Millars	País Valencià	unknown	zona històricament castellanoparlant del País Valencià
Algímia d'Almonesir	Alt Palància	País Valencià	unknown	zona històricament castellanoparlant del País Valencià
Almedíxer	Alt Palància	País Valencià	unknown	zona històricament castellanoparlant del País Valencià
Altura (Alt Palància)	Alt Palància	País Valencià	unknown	zona històricament castellanoparlant del País Valencià
Assuévar	Alt Palància	País Valencià	unknown	zona històricament castellanoparlant del País Valencià
Barraques	Alt Palància	País Valencià	unknown	zona històricament castellanoparlant del País Valencià
Begís	Alt Palància	País Valencià	unknown	zona històricament castellanoparlant del País Valencià
Benafer	Alt Palància	País Valencià	unknown	zona històricament castellanoparlant del País Valencià
Castellnou (Alt Palància)	Alt Palància	País Valencià	unknown	zona històricament castellanoparlant del País Valencià
Caudiel	Alt Palància	País Valencià	unknown	zona històricament castellanoparlant del País Valencià
Figueres (Alt Palància)	Alt Palància	País Valencià	unknown	zona històricament castellanoparlant del País Valencià
Gaibiel	Alt Palància	País Valencià	unknown	zona històricament castellanoparlant del País Valencià
Geldo	Alt Palància	País Valencià	unknown	zona històricament castellanoparlant del País Valencià
Matet	Alt Palància	País Valencià	unknown	zona històricament castellanoparlant del País Valencià
Navaixes	Alt Palància	País Valencià	unknown	zona històricament castellanoparlant del País Valencià
Pavies	Alt Palància	País Valencià	unknown	zona històricament castellanoparlant del País Valencià
Pina (Alt Palància)	Alt Palància	País Valencià	unknown	zona històricament castellanoparlant del País Valencià
Sacanyet	Alt Palància	País Valencià	unknown	zona històricament castellanoparlant del País Valencià
Sogorb	Alt Palància	País Valencià	unknown	zona històricament castellanoparlant del País Valencià
Soneja	Alt Palància	País Valencià	unknown	zona històricament castellanoparlant del País Valencià
Sot de Ferrer	Alt Palància	País Valencià	unknown	zona històricament castellanoparlant del País Valencià
Teresa (Alt Palància)	Alt Palància	País Valencià	unknown	zona històricament castellanoparlant del País Valencià
Toràs	Alt Palància	País Valencià	unknown	zona històricament castellanoparlant del País Valencià
Viver	Alt Palància	País Valencià	unknown	zona històricament castellanoparlant del País Valencià
Xèrica	Alt Palància	País Valencià	unknown	zona històricament castellanoparlant del País Valencià
Xóvar	Alt Palància	País Valencià	unknown	zona històricament castellanoparlant del País Valencià
el Toro	Alt Palància	País Valencià	unknown	zona històricament castellanoparlant del País Valencià
la Vall d'Almonesir	Alt Palància	País Valencià	unknown	zona històricament castellanoparlant del País Valencià
Beneixama	Alt Vinalopó	País Valencià	valencian	
Biar	Alt Vinalopó	País Valencià	valencian	
Saix	Alt Vinalopó	País Valencià	unknown	zona històricament castellanoparlant del País Valencià
Salines	Alt Vinalopó	País Valencià	unknown	zona històricament castellanoparlant del País Valencià
Villena	Alt Vinalopó	País Valencià	unknown	zona històricament castellanoparlant del País Valencià
el Camp de Mirra	Alt Vinalopó	País Valencià	valencian	
la Canyada de Biar	Alt Vinalopó	País Valencià	valencian	
Alcalà de Xivert	Baix Maestrat	País Valencià	valencian	
Benicarló	Baix Maestrat	País Valencià	valencian	
Canet lo Roig	Baix Maestrat	País Valencià	valencian	
Castell de Cabres	Baix Maestrat	País Valencià	valencian	
Cervera del Maestrat	Baix Maestrat	País Valencià	valencian	
Càlig	Baix Maestrat	País Valencià	valencian	
Peníscola	Baix Maestrat	País Valencià	valencian	
Rossell	Baix Maestrat	País Valencià	valencian	
Sant Jordi (Baix Maestrat)	Baix Maestrat	País Valencià	valencian	
Sant Mateu (Baix Maestrat)	Baix Maestrat	País Valencià	valencian	
Sant Rafel del Riu	Baix Maestrat	País Valencià	valencian	
Santa Magdalena de Polpís	Baix Maestrat	País Valencià	valencian	
Traiguera	Baix Maestrat	País Valencià	valencian	
Vinaròs	Baix Maestrat	País Valencià	valencian	
Xert	Baix Maestrat	País Valencià	valencian	
la Jana	Baix Maestrat	País Valencià	valencian	
la Pobla de Benifassà	Baix Maestrat	País Valencià	valencian	
la Salzadella	Baix Maestrat	País Valencià	valencian	
Albatera	Baix Segura	País Valencià	unknown	zona històricament castellanoparlant del País Valencià
Algorfa	Baix Segura	País Valencià	unknown	zona històricament castellanoparlant del País Valencià
Almoradí	Baix Segura	País Valencià	unknown	zona històricament castellanoparlant del País Valencià
Benejússer	Baix Segura	País Valencià	unknown	zona històricament castellanoparlant del País Valencià
Benferri	Baix Segura	País Valencià	unknown	zona històricament castellanoparlant del País Valencià
Benijòfer	Baix Segura	País Valencià	unknown	zona històricament castellanoparlant del País Valencià
Bigastre	Baix Segura	País Valencià	unknown	zona històricament castellanoparlant del País Valencià
Callosa de Segura	Baix Segura	País Valencià	unknown	zona històricament castellanoparlant del País Valencià
Catral	Baix Segura	País Valencià	unknown	zona històricament castellanoparlant del País Valencià
Coix	Baix Segura	País Valencià	unknown	zona històricament castellanoparlant del País Valencià
Daia Nova	Baix Segura	País Valencià	unknown	zona històricament castellanoparlant del País Valencià
Daia Vella	Baix Segura	País Valencià	unknown	zona històricament castellanoparlant del País Valencià
Dolors	Baix Segura	País Valencià	unknown	zona històricament castellanoparlant del País Valencià
Formentera del Segura	Baix Segura	País Valencià	unknown	zona històricament castellanoparlant del País Valencià
Guardamar del Segura	Baix Segura	País Valencià	valencian	
Los Montesinos	Baix Segura	País Valencià	unknown	zona històricament castellanoparlant del País Valencià
Oriola	Baix Segura	País Valencià	unknown	zona històricament castellanoparlant del País Valencià
Rafal	Baix Segura	País Valencià	unknown	zona històricament castellanoparlant del País Valencià
Redovà	Baix Segura	País Valencià	unknown	zona històricament castellanoparlant del País Valencià
Rojals	Baix Segura	País Valencià	unknown	zona històricament castellanoparlant del País Valencià
Sant Fulgenci (Baix Segura)	Baix Segura	País Valencià	unknown	zona històricament castellanoparlant del País Valencià
Sant Isidre (Baix Segura)	Baix Segura	País Valencià	unknown	zona històricament castellanoparlant del País Valencià
Sant Miquel de les Salines	Baix Segura	País Valencià	unknown	zona històricament castellanoparlant del País Valencià
Torrevella	Baix Segura	País Valencià	unknown	zona històricament castellanoparlant del País Valencià
Xacarella	Baix Segura	País Valencià	unknown	zona històricament castellanoparlant del País Valencià
el Pilar de la Foradada	Baix Segura	País Valencià	unknown	zona històricament castellanoparlant del País Valencià
la Granja de Rocamora	Baix Segura	País Valencià	unknown	zona històricament castellanoparlant del País Valencià
Crevillent	Baix Vinalopó	País Valencià	valencian	
Elx	Baix Vinalopó	País Valencià	valencian	
Santa Pola	Baix Vinalopó	País Valencià	valencian	
Albalat dels Tarongers	Camp de Morvedre	País Valencià	valencian	
Alfara de la Baronia	Camp de Morvedre	País Valencià	valencian	
Algar de Palància	Camp de Morvedre	País Valencià	valencian	
Algímia d'Alfara	Camp de Morvedre	País Valencià	valencian	
Benavites	Camp de Morvedre	País Valencià	valencian	
Benifairó de les Valls	Camp de Morvedre	País Valencià	valencian	
Canet d'en Berenguer	Camp de Morvedre	País Valencià	valencian	
Estivella	Camp de Morvedre	País Valencià	valencian	
Faura	Camp de Morvedre	País Valencià	valencian	
Gilet	Camp de Morvedre	País Valencià	valencian	
Petrés	Camp de Morvedre	País Valencià	valencian	
Quart de les Valls	Camp de Morvedre	País Valencià	valencian	
Quartell	Camp de Morvedre	País Valencià	valencian	
Sagunt	Camp de Morvedre	País Valencià	valencian	
Segart	Camp de Morvedre	País Valencià	valencian	
Torres Torres	Camp de Morvedre	País Valencià	valencian	
Benaguasil	Camp de Túria	País Valencià	valencian	
Benissanó	Camp de Túria	País Valencià	valencian	
Bétera	Camp de Túria	País Valencià	valencian	
Casinos	Camp de Túria	País Valencià	valencian	
Gàtova	Camp de Túria	País Valencià	unknown	zona històricament castellanoparlant del País Valencià
Llíria	Camp de Túria	País Valencià	valencian	
Loriguilla	Camp de Túria	País Valencià	valencian	
Marines (Camp de Túria)	Camp de Túria	País Valencià	valencian	
Nàquera	Camp de Túria	País Valencià	valencian	
Olocau	Camp de Túria	País Valencià	valencian	
Riba-roja de Túria	Camp de Túria	País Valencià	valencian	
Sant Antoni de Benaixeve	Camp de Túria	País Valencià	unknown	zona històricament castellanoparlant del País Valencià
Serra (Camp de Túria)	Camp de Túria	País Valencià	valencian	
Vilamarxant	Camp de Túria	País Valencià	valencian	
l'Eliana	Camp de Túria	País Valencià	valencian	
la Pobla de Vallbona	Camp de Túria	País Valencià	valencian	
Anna	Canal de Navarrés	País Valencià	unknown	zona històricament castellanoparlant del País Valencià
Bicorb	Canal de Navarrés	País Valencià	unknown	zona històricament castellanoparlant del País Valencià
Bolbait	Canal de Navarrés	País Valencià	unknown	zona històricament castellanoparlant del País Valencià
Millars (Canal de Navarrés)	Canal de Navarrés	País Valencià	unknown	zona històricament castellanoparlant del País Valencià
Navarrés	Canal de Navarrés	País Valencià	valencian	
Quesa	Canal de Navarrés	País Valencià	unknown	zona històricament castellanoparlant del País Valencià
Xella	Canal de Navarrés	País Valencià	unknown	zona històricament castellanoparlant del País Valencià
Énguera	Canal de Navarrés	País Valencià	unknown	zona històricament castellanoparlant del País Valencià
València	Comarca de València	País Valencià	valencian	
Agres	Comtat (País Valencià)	País Valencià	valencian	
Alcoleja	Comtat (País Valencià)	País Valencià	valencian	
Alcosser	Comtat (País Valencià)	País Valencià	valencian	
Alfafara	Comtat (País Valencià)	País Valencià	valencian	
Almudaina	Comtat (País Valencià)	País Valencià	valencian	
Balones	Comtat (País Valencià)	País Valencià	valencian	
Benasau	Comtat (País Valencià)	País Valencià	valencian	
Beniarrés	Comtat (País Valencià)	País Valencià	valencian	
Benilloba	Comtat (País Valencià)	País Valencià	valencian	
Benillup	Comtat (País Valencià)	País Valencià	valencian	
Benimarfull	Comtat (País Valencià)	País Valencià	valencian	
Benimassot	Comtat (País Valencià)	País Valencià	valencian	
Cocentaina	Comtat (País Valencià)	País Valencià	valencian	
Fageca	Comtat (País Valencià)	País Valencià	valencian	
Famorca	Comtat (País Valencià)	País Valencià	valencian	
Gaianes	Comtat (País Valencià)	País Valencià	valencian	
Gorga (Comtat)	Comtat (País Valencià)	País Valencià	valencian	
Millena	Comtat (País Valencià)	País Valencià	unknown	zona històricament castellanoparlant del País Valencià
Muro d'Alcoi	Comtat (País Valencià)	País Valencià	valencian	
Planes de la Baronia	Comtat (País Valencià)	País Valencià	valencian	
Quatretondeta	Comtat (País Valencià)	País Valencià	valencian	
Tollos	Comtat (País Valencià)	País Valencià	valencian	
l'Alqueria d'Asnar	Comtat (País Valencià)	País Valencià	valencian	
l'Orxa	Comtat (País Valencià)	País Valencià	valencian	
Barxeta	Costera	País Valencià	valencian	
Canals (Costera)	Costera	País Valencià	valencian	
Cerdà	Costera	País Valencià	valencian	
Estubeny	Costera	País Valencià	valencian	
Llanera de Ranes	Costera	País Valencià	valencian	
Llocnou d'en Fenollet	Costera	País Valencià	valencian	
Moixent	Costera	País Valencià	valencian	
Montesa	Costera	País Valencià	valencian	
Novetlè	Costera	País Valencià	valencian	
Rotglà i Corberà	Costera	País Valencià	valencian	
Torrella	Costera	País Valencià	valencian	
Vallada	Costera	País Valencià	valencian	
Vallés	Costera	País Valencià	valencian	
Xàtiva	Costera	País Valencià	valencian	
el Genovés	Costera	País Valencià	valencian	
l'Alcúdia de Crespins	Costera	País Valencià	valencian	
la Font de la Figuera	Costera	País Valencià	valencian	
la Granja de la Costera	Costera	País Valencià	valencian	
la Llosa de Ranes	Costera	País Valencià	unknown	zona històricament castellanoparlant del País Valencià
Alboraig	Foia de Bunyol	País Valencià	unknown	zona històricament castellanoparlant del País Valencià
Bunyol	Foia de Bunyol	País Valencià	unknown	zona històricament castellanoparlant del País Valencià
Dosaigües	Foia de Bunyol	País Valencià	unknown	zona històricament castellanoparlant del País Valencià
Godelleta	Foia de Bunyol	País Valencià	unknown	zona històricament castellanoparlant del País Valencià
Iàtova	Foia de Bunyol	País Valencià	unknown	zona històricament castellanoparlant del País Valencià
Macastre	Foia de Bunyol	País Valencià	valencian	
Setaigües	Foia de Bunyol	País Valencià	unknown	zona històricament castellanoparlant del País Valencià
Xest	Foia de Bunyol	País Valencià	unknown	zona històricament castellanoparlant del País Valencià
Xiva (Foia de Bunyol)	Foia de Bunyol	País Valencià	unknown	zona històricament castellanoparlant del País Valencià
Albalat dels Sorells	Horta Nord	País Valencià	valencian	
Alboraia	Horta Nord	País Valencià	valencian	
Albuixec	Horta Nord	País Valencià	valencian	
Alfara del Patriarca	Horta Nord	País Valencià	valencian	
Almàssera	Horta Nord	País Valencià	valencian	
Bonrepòs i Mirambell	Horta Nord	País Valencià	valencian	
Burjassot	Horta Nord	País Valencià	valencian	
Emperador (Horta Nord)	Horta Nord	País Valencià	valencian	
Foios	Horta Nord	País Valencià	valencian	
Godella	Horta Nord	País Valencià	valencian	
Massalfassar	Horta Nord	País Valencià	valencian	
Massamagrell	Horta Nord	País Valencià	valencian	
Meliana	Horta Nord	País Valencià	valencian	
Montcada (Horta Nord)	Horta Nord	País Valencià	valencian	
Museros	Horta Nord	País Valencià	unknown	zona històricament castellanoparlant del País Valencià
Paterna	Horta Nord	País Valencià	valencian	
Puçol	Horta Nord	País Valencià	valencian	
Rafelbunyol	Horta Nord	País Valencià	valencian	
Rocafort	Horta Nord	País Valencià	valencian	
Tavernes Blanques	Horta Nord	País Valencià	valencian	
Vinalesa	Horta Nord	País Valencià	valencian	
el Puig de Santa Maria	Horta Nord	País Valencià	valencian	
la Pobla de Farnals	Horta Nord	País Valencià	valencian	
Alaquàs	Horta Sud	País Valencià	valencian	
Albal	Horta Sud	País Valencià	valencian	
Alcàsser (Horta Sud)	Horta Sud	País Valencià	valencian	
Aldaia	Horta Sud	País Valencià	valencian	
Alfafar	Horta Sud	País Valencià	valencian	
Benetússer	Horta Sud	País Valencià	valencian	
Beniparrell	Horta Sud	País Valencià	valencian	
Catarroja	Horta Sud	País Valencià	valencian	
Llocnou de la Corona	Horta Sud	País Valencià	valencian	
Manises	Horta Sud	País Valencià	unknown	zona històricament castellanoparlant del País Valencià
Massanassa	Horta Sud	País Valencià	valencian	
Mislata	Horta Sud	País Valencià	valencian	
Paiporta	Horta Sud	País Valencià	valencian	
Picanya	Horta Sud	País Valencià	valencian	
Picassent	Horta Sud	País Valencià	valencian	
Quart de Poblet	Horta Sud	País Valencià	valencian	
Sedaví	Horta Sud	País Valencià	valencian	
Silla	Horta Sud	País Valencià	valencian	
Torrent (Horta Sud)	Horta Sud	País Valencià	valencian	
Xirivella	Horta Sud	País Valencià	valencian	
Alcalalí	Marina Alta	País Valencià	valencian	
Beniarbeig	Marina Alta	País Valencià	valencian	
Benidoleig	Marina Alta	País Valencià	valencian	
Benigembla	Marina Alta	País Valencià	valencian	
Benimeli	Marina Alta	País Valencià	valencian	
Benissa	Marina Alta	País Valencià	valencian	
Calp	Marina Alta	País Valencià	valencian	
Castell de Castells	Marina Alta	País Valencià	valencian	
Dénia	Marina Alta	País Valencià	valencian	
Gata de Gorgos	Marina Alta	País Valencià	valencian	
Llíber	Marina Alta	País Valencià	valencian	
Murla	Marina Alta	País Valencià	valencian	
Ondara	Marina Alta	País Valencià	valencian	
Orba	Marina Alta	País Valencià	valencian	
Parcent	Marina Alta	País Valencià	valencian	
Pedreguer	Marina Alta	País Valencià	valencian	
Pego	Marina Alta	País Valencià	valencian	
Sagra	Marina Alta	País Valencià	valencian	
Sanet i els Negrals	Marina Alta	País Valencià	valencian	
Senija	Marina Alta	País Valencià	valencian	
Teulada (Marina Alta)	Marina Alta	País Valencià	valencian	
Tormos	Marina Alta	País Valencià	valencian	
Xaló	Marina Alta	País Valencià	valencian	
Xàbia	Marina Alta	País Valencià	valencian	
el Poble Nou de Benitatxell	Marina Alta	País Valencià	valencian	
el Ràfol d'Almúnia	Marina Alta	País Valencià	valencian	
el Verger	Marina Alta	País Valencià	valencian	
els Poblets	Marina Alta	País Valencià	valencian	
l'Atzúbia	Marina Alta	País Valencià	valencian	
la Vall d'Alcalà	Marina Alta	País Valencià	valencian	
la Vall d'Ebo	Marina Alta	País Valencià	valencian	
la Vall de Gallinera	Marina Alta	País Valencià	valencian	
la Vall de Laguar	Marina Alta	País Valencià	valencian	
Altea	Marina Baixa	País Valencià	valencian	
Beniardà	Marina Baixa	País Valencià	valencian	
Benidorm	Marina Baixa	País Valencià	valencian	
Benifato	Marina Baixa	País Valencià	valencian	
Benimantell	Marina Baixa	País Valencià	valencian	
Bolulla	Marina Baixa	País Valencià	valencian	
Callosa d'en Sarrià	Marina Baixa	País Valencià	valencian	
Confrides	Marina Baixa	País Valencià	valencian	
Finestrat	Marina Baixa	País Valencià	valencian	
Orxeta	Marina Baixa	País Valencià	valencian	
Polop	Marina Baixa	País Valencià	valencian	
Sella (Marina Baixa)	Marina Baixa	País Valencià	valencian	
Tàrbena	Marina Baixa	País Valencià	valencian	
el Castell de Guadalest	Marina Baixa	País Valencià	valencian	
l'Alfàs del Pi	Marina Baixa	País Valencià	valencian	
la Nucia	Marina Baixa	País Valencià	valencian	
la Vila Joiosa	Marina Baixa	País Valencià	valencian	
relleu (municipi)	Marina Baixa	País Valencià	valencian	
Almassora	Plana Alta	País Valencià	valencian	
Benicàssim	Plana Alta	País Valencià	valencian	
Benlloc	Plana Alta	País Valencià	valencian	
Borriol	Plana Alta	País Valencià	valencian	
Cabanes (Plana Alta)	Plana Alta	País Valencià	valencian	
Castelló de la Plana	Plana Alta	País Valencià	valencian	
Orpesa	Plana Alta	País Valencià	valencian	
Sant Joan de Moró	Plana Alta	País Valencià	valencian	
Torreblanca	Plana Alta	País Valencià	valencian	
Vilafamés	Plana Alta	País Valencià	valencian	
Vilanova d'Alcolea	Plana Alta	País Valencià	valencian	
la Pobla Tornesa	Plana Alta	País Valencià	valencian	
la Serra d'en Galceran (Plana Alta)	Plana Alta	País Valencià	valencian	
la Torre d'en Doménec	Plana Alta	País Valencià	valencian	
la Vall d'Alba	Plana Alta	País Valencià	valencian	
les Coves de Vinromà	Plana Alta	País Valencià	valencian	
Alfondeguilla	Plana Baixa	País Valencià	valencian	
Almenara	Plana Baixa	País Valencià	valencian	
Artana	Plana Baixa	País Valencià	valencian	
Aín	Plana Baixa	País Valencià	valencian	
Betxí	Plana Baixa	País Valencià	valencian	
Borriana	Plana Baixa	País Valencià	valencian	
Eslida	Plana Baixa	País Valencià	valencian	
La Llosa	Plana Baixa	País Valencià	valencian	
Moncofa	Plana Baixa	País Valencià	valencian	
Nules	Plana Baixa	País Valencià	valencian	
Onda	Plana Baixa	País Valencià	valencian	
Ribesalbes	Plana Baixa	País Valencià	valencian	
Suera	Plana Baixa	País Valencià	valencian	
Tales (Plana Baixa)	Plana Baixa	País Valencià	valencian	
Vila-real	Plana Baixa	País Valencià	valencian	
Xilxes	Plana Baixa	País Valencià	valencian	
l'Alcúdia de Veo	Plana Baixa	País Valencià	valencian	
la Vall d'Uixó	Plana Baixa	País Valencià	valencian	
la Vilavella	Plana Baixa	País Valencià	valencian	
les Alqueries	Plana Baixa	País Valencià	valencian	
Camporrobles	Plana d'Utiel	País Valencià	unknown	zona històricament castellanoparlant del País Valencià
Caudete de las Fuentes	Plana d'Utiel	País Valencià	unknown	zona històricament castellanoparlant del País Valencià
Fuenterrobles	Plana d'Utiel	País Valencià	unknown	zona històricament castellanoparlant del País Valencià
Requena	Plana d'Utiel	País Valencià	unknown	zona històricament castellanoparlant del País Valencià
Sinarques	Plana d'Utiel	País Valencià	unknown	zona històricament castellanoparlant del País Valencià
Utiel	Plana d'Utiel	País Valencià	unknown	zona històricament castellanoparlant del País Valencià
Venta del Moro	Plana d'Utiel	País Valencià	unknown	zona històricament castellanoparlant del País Valencià
Villargordo del Cabriel	Plana d'Utiel	País Valencià	unknown	zona històricament castellanoparlant del País Valencià
Xera	Plana d'Utiel	País Valencià	unknown	zona històricament castellanoparlant del País Valencià
Castellfort	Ports	País Valencià	valencian	
Cinctorres	Ports	País Valencià	valencian	
Herbers	Ports	País Valencià	valencian	
Morella	Ports	País Valencià	valencian	
Olocau del Rei	Ports	País Valencià	unknown	zona històricament castellanoparlant del País Valencià
Palanques	Ports	País Valencià	valencian	
Portell de Morella	Ports	País Valencià	valencian	
Sorita	Ports	País Valencià	valencian	
Vallibona	Ports	País Valencià	valencian	
Vilafranca (Ports)	Ports	País Valencià	valencian	
Villores	Ports	País Valencià	valencian	
el Forcall	Ports	País Valencià	valencian	
la Mata de Morella	Ports	País Valencià	valencian	
la Todolella	Ports	País Valencià	valencian	
Ademús	Racó d'Ademús	País Valencià	unknown	zona històricament castellanoparlant del País Valencià
Cases Altes	Racó d'Ademús	País Valencià	unknown	zona històricament castellanoparlant del País Valencià
Cases Baixes	Racó d'Ademús	País Valencià	unknown	zona històricament castellanoparlant del País Valencià
Castellfabib	Racó d'Ademús	País Valencià	unknown	zona històricament castellanoparlant del País Valencià
Torrebaixa	Racó d'Ademús	País Valencià	unknown	zona històricament castellanoparlant del País Valencià
Vallanca	Racó d'Ademús	País Valencià	unknown	zona històricament castellanoparlant del País Valencià
la Pobla de Sant Miquel	Racó d'Ademús	País Valencià	unknown	zona històricament castellanoparlant del País Valencià
Alberic	Ribera Alta	País Valencià	valencian	
Alcàntera de Xúquer	Ribera Alta	País Valencià	valencian	
Alfarb	Ribera Alta	País Valencià	valencian	
Algemesí	Ribera Alta	País Valencià	valencian	
Alginet	Ribera Alta	País Valencià	valencian	
Alzira	Ribera Alta	País Valencià	valencian	
Antella	Ribera Alta	País Valencià	valencian	
Beneixida	Ribera Alta	País Valencià	valencian	
Benifaió	Ribera Alta	País Valencià	valencian	
Benimodo	Ribera Alta	País Valencià	valencian	
Benimuslem	Ribera Alta	País Valencià	valencian	
Carcaixent	Ribera Alta	País Valencià	valencian	
Carlet	Ribera Alta	País Valencià	valencian	
Castelló (la Ribera Alta)	Ribera Alta	País Valencià	valencian	
Catadau	Ribera Alta	País Valencià	valencian	
Cotes	Ribera Alta	País Valencià	valencian	
Càrcer	Ribera Alta	País Valencià	valencian	
Gavarda	Ribera Alta	País Valencià	valencian	
Guadassuar	Ribera Alta	País Valencià	valencian	
Llombai	Ribera Alta	País Valencià	valencian	
Manuel	Ribera Alta	País Valencià	valencian	
Massalavés	Ribera Alta	País Valencià	valencian	
Montroi	Ribera Alta	País Valencià	valencian	
Montserrat (Ribera Alta)	Ribera Alta	País Valencià	valencian	
Rafelguaraf	Ribera Alta	País Valencià	valencian	
Real (Ribera Alta)	Ribera Alta	País Valencià	valencian	
Sant Joanet	Ribera Alta	País Valencià	valencian	
Sellent	Ribera Alta	País Valencià	valencian	
Senyera (Ribera Alta)	Ribera Alta	País Valencià	valencian	
Sumacàrcer	Ribera Alta	País Valencià	valencian	
Torís	Ribera Alta	País Valencià	valencian	
Tous	Ribera Alta	País Valencià	unknown	zona històricament castellanoparlant del País Valencià
l'Alcúdia	Ribera Alta	País Valencià	valencian	
l'Ènova	Ribera Alta	País Valencià	valencian	
la Pobla Llarga	Ribera Alta	País Valencià	valencian	
Albalat de la Ribera	Ribera Baixa	País Valencià	valencian	
Almussafes	Ribera Baixa	País Valencià	valencian	
Benicull de Xúquer	Ribera Baixa	País Valencià	valencian	
Corbera	Ribera Baixa	País Valencià	valencian	
Cullera (Ribera Baixa)	Ribera Baixa	País Valencià	valencian	
Favara	Ribera Baixa	País Valencià	valencian	
Fortaleny	Ribera Baixa	País Valencià	valencian	
Llaurí	Ribera Baixa	País Valencià	valencian	
Polinyà de Xúquer	Ribera Baixa	País Valencià	valencian	
Riola	Ribera Baixa	País Valencià	valencian	
Sollana	Ribera Baixa	País Valencià	valencian	
Sueca	Ribera Baixa	País Valencià	valencian	
Ador	Safor	País Valencià	valencian	
Alfauir	Safor	País Valencià	valencian	
Almiserà	Safor	País Valencià	valencian	
Almoines	Safor	País Valencià	valencian	
Barx	Safor	País Valencià	valencian	
Bellreguard	Safor	País Valencià	valencian	
Beniarjó	Safor	País Valencià	valencian	
Benifairó de la Valldigna	Safor	País Valencià	valencian	
Beniflà	Safor	País Valencià	valencian	
Benirredrà	Safor	País Valencià	valencian	
Castellonet de la Conquesta	Safor	País Valencià	valencian	
Daimús	Safor	País Valencià	valencian	
Gandia	Safor	País Valencià	valencian	
Guardamar de la Safor	Safor	País Valencià	valencian	
Llocnou de Sant Jeroni	Safor	País Valencià	valencian	
Miramar	Safor	País Valencià	valencian	
Oliva (Safor)	Safor	País Valencià	valencian	
Palma de Gandia	Safor	País Valencià	valencian	
Palmera (Safor)	Safor	País Valencià	valencian	
Piles	Safor	País Valencià	valencian	
Potries	Safor	País Valencià	valencian	
Rafelcofer	Safor	País Valencià	valencian	
Ròtova	Safor	País Valencià	valencian	
Simat de la Valldigna	Safor	País Valencià	valencian	
Tavernes de la Valldigna	Safor	País Valencià	valencian	
Vilallonga	Safor	País Valencià	valencian	
Xeraco	Safor	País Valencià	valencian	
Xeresa	Safor	País Valencià	valencian	
el Real de Gandia	Safor	País Valencià	valencian	
l'Alqueria de la Comtessa	Safor	País Valencià	valencian	
la Font d'en Carròs	Safor	País Valencià	valencian	
Alpont	Serrans	País Valencià	unknown	zona històricament castellanoparlant del País Valencià
Andilla	Serrans	País Valencià	unknown	zona històricament castellanoparlant del País Valencià
Ares dels Oms	Serrans	País Valencià	unknown	zona històricament castellanoparlant del País Valencià
Benaixeve	Serrans	País Valencià	unknown	zona històricament castellanoparlant del País Valencià
Bugarra	Serrans	País Valencià	unknown	zona històricament castellanoparlant del País Valencià
Calles	Serrans	País Valencià	unknown	zona històricament castellanoparlant del País Valencià
Domenyo	Serrans	País Valencià	unknown	zona històricament castellanoparlant del País Valencià
Figueroles de Domenyo	Serrans	País Valencià	unknown	zona històricament castellanoparlant del País Valencià
Pedralba	Serrans	País Valencià	valencian	
Sot de Xera	Serrans	País Valencià	unknown	zona històricament castellanoparlant del País Valencià
Titaigües	Serrans	País Valencià	unknown	zona històricament castellanoparlant del País Valencià
Toixa	Serrans	País Valencià	unknown	zona històricament castellanoparlant del País Valencià
Xelva	Serrans	País Valencià	unknown	zona històricament castellanoparlant del País Valencià
Xestalgar	Serrans	País Valencià	unknown	zona històricament castellanoparlant del País Valencià
Xulilla	Serrans	País Valencià	unknown	zona històricament castellanoparlant del País Valencià
el Villar	Serrans	País Valencià	unknown	zona històricament castellanoparlant del País Valencià
la Iessa	Serrans	País Valencià	unknown	zona històricament castellanoparlant del País Valencià
la Llosa del Bisbe	Serrans	País Valencià	unknown	zona històricament castellanoparlant del País Valencià
les Alcubles	Serrans	País Valencià	unknown	zona històricament castellanoparlant del País Valencià
Agullent	Vall d'Albaida	País Valencià	valencian	
Aielo de Malferit	Vall d'Albaida	País Valencià	valencian	
Aielo de Rugat	Vall d'Albaida	País Valencià	valencian	
Albaida	Vall d'Albaida	País Valencià	valencian	
Alfarrasí	Vall d'Albaida	País Valencià	valencian	
Atzeneta d'Albaida	Vall d'Albaida	País Valencià	valencian	
Bellús	Vall d'Albaida	País Valencià	valencian	
Beniatjar	Vall d'Albaida	País Valencià	valencian	
Benicolet	Vall d'Albaida	País Valencià	valencian	
Benigànim	Vall d'Albaida	País Valencià	valencian	
Benissoda	Vall d'Albaida	País Valencià	valencian	
Benissuera	Vall d'Albaida	País Valencià	valencian	
Bocairent	Vall d'Albaida	País Valencià	valencian	
Bufali	Vall d'Albaida	País Valencià	valencian	
Bèlgida	Vall d'Albaida	País Valencià	valencian	
Carrícola	Vall d'Albaida	País Valencià	valencian	
Castelló de Rugat	Vall d'Albaida	País Valencià	valencian	
Fontanars dels Alforins	Vall d'Albaida	País Valencià	valencian	
Guadasséquies	Vall d'Albaida	País Valencià	valencian	
Llutxent	Vall d'Albaida	País Valencià	unknown	zona històricament castellanoparlant del País Valencià
Montaverner	Vall d'Albaida	País Valencià	valencian	
Montitxelvo	Vall d'Albaida	País Valencià	valencian	
Ontinyent	Vall d'Albaida	País Valencià	valencian	
Otos	Vall d'Albaida	País Valencià	valencian	
Pinet (València)	Vall d'Albaida	País Valencià	valencian	
Quatretonda	Vall d'Albaida	País Valencià	valencian	
Rugat	Vall d'Albaida	País Valencià	valencian	
Salem (Vall d'Albaida)	Vall d'Albaida	País Valencià	valencian	
Sempere	Vall d'Albaida	País Valencià	valencian	
Terrateig	Vall d'Albaida	País Valencià	valencian	
el Palomar	Vall d'Albaida	País Valencià	unknown	zona històricament castellanoparlant del País Valencià
el Ràfol de Salem	Vall d'Albaida	País Valencià	valencian	
l'Olleria	Vall d'Albaida	País Valencià	valencian	
la Pobla del Duc	Vall d'Albaida	País Valencià	valencian	
Aiora	Vall de Cofrents	País Valencià	unknown	zona històricament castellanoparlant del País Valencià
Cofrents	Vall de Cofrents	País Valencià	unknown	zona històricament castellanoparlant del País Valencià
Cortes de Pallars	Vall de Cofrents	País Valencià	unknown	zona històricament castellanoparlant del País Valencià
Teresa de Cofrents	Vall de Cofrents	País Valencià	unknown	zona històricament castellanoparlant del País Valencià
Xalans	Vall de Cofrents	País Valencià	unknown	zona històricament castellanoparlant del País Valencià
Xarafull	Vall de Cofrents	País Valencià	unknown	zona històricament castellanoparlant del País Valencià
Zarra	Vall de Cofrents	País Valencià	unknown	zona històricament castellanoparlant del País Valencià
Asp	Vinalopó Mitjà	País Valencià	unknown	zona històricament castellanoparlant del País Valencià
Elda	Vinalopó Mitjà	País Valencià	unknown	zona històricament castellanoparlant del País Valencià
La Romana (Vinalopó Mitjà)	Vinalopó Mitjà	País Valencià	valencian	
Montfort (Vinalopó Mitjà)	Vinalopó Mitjà	País Valencià	unknown	zona històricament castellanoparlant del País Valencià
Monòver	Vinalopó Mitjà	País Valencià	valencian	
Novelda	Vinalopó Mitjà	País Valencià	valencian	
Petrer	Vinalopó Mitjà	País Valencià	valencian	
el Fondó de les Neus	Vinalopó Mitjà	País Valencià	valencian	
el Fondó dels Frares	Vinalopó Mitjà	País Valencià	valencian	
el Pinós	Vinalopó Mitjà	País Valencià	valencian	
l'Alguenya	Vinalopó Mitjà	País Valencià	valencian	
