clip_id	duration	yt_url	candidate_1	p_ca_voxlingua	p_ca_mms	tier	review_verdict	review_notes
e88450bf-ea2b-4c28-adb1-4941c30c54b1	20.16	https://www.youtube.com/watch?v=MECQRFbf6nU&t=2354	amb tots ells centre tot s'ha aguiar ets de la mà a del robert i l'anna que ha estat un luxe poder participar d'una d'aq	1.0	0.9981	0		
26d2c779-8cf0-4adb-b4c7-83e5ed11b3d3	6.36	https://www.youtube.com/watch?v=UOIYXOuEDI8&t=1203	 ens adrecem a de ser festa bou fa que la geologia tocs més amb moto en ell	0.0	0.0	2	correct	
f5b9e6fe-5c66-499e-a0dc-a8ffdbbcc1df	18.72	https://www.youtube.com/watch?v=ucqQPkM8ilA&t=3446	 què fa als models de negoci que tenim en el sector públic l'objectiu i males i maximitzar el valor que generem en els a	1.0	0.9988	0		
dd562232-1205-4cdd-b992-c1e3918c03f2	13.80	https://www.youtube.com/watch?v=A5iW6-TlhhM&t=8656	 et puga tindre les condicions tècniques adequades i que puguem tindre un tapís a onze puguem fer les competicions ofici	0.9803	0.7766	0		
a517cffc-a073-4ed6-a5e2-a6e35933a1a0	9.72	https://www.youtube.com/watch?v=Hitvv10yWUc&t=40	nació torna a ser una eina útil per donar resposta als conflictes que es planteja a la ciutadania les recull el que fare	0.9996	0.9995	0		
2208a49a-9aad-4373-afae-888ee3763d7f	12.09	https://www.youtube.com/watch?v=jAzX9Zb4Zb4&t=1747	 val l'única un caos dir què és us apunto bé aquesta possibilitat no dic que sigui el vostre cas però sí que dic dones f	1.0	0.9998	0		
49dc853f-143f-4c08-8ca2-1369d241f25b	13.98	https://www.youtube.com/watch?v=GqhhCcWJEJY&t=14870	 el segon per una banda per l'altra simplement em donà l'enhorabona als conversar aromis informativa l'àrea sostenibilit	0.7828	0.9955	0		
bcf5f456-836b-464c-bafd-cb8845796919	20.16	https://www.youtube.com/watch?v=tJsfkZgHN18&t=7184	sobre la justícia restaurativa i tenia la possibilitat de prendre part en un procés del seu desig però això no sempre fu	0.9999	0.998	0		
88cba1f6-bbc7-480d-859a-b42705a0d9f9	14.58	https://www.youtube.com/watch?v=FyWPTpwLluk&t=13299	la meva novel·la gil i pep nogué fica i qui ho fica i com ho ficarem no ha llegit i dido va el tema està en que tot el p	0.9315	0.9956	0		
dc83dc5d-8931-4eae-9343-6e32ed1b5d4a	3.27	https://www.youtube.com/watch?v=z5rFsR0a0gM&t=3719	 la de la cooperadora titot cedit fa movent però	0.9998	0.9932	0		
123eb3a2-20e8-4678-8c0e-9bb19e8c838b	17.04	https://www.youtube.com/watch?v=4f0K_nuWZU4&t=2798	 utilitzin coses noves hem de lluitar a perquè hi ha tantes coses noves a la nostra vida és una lluita a holanda amb dis	0.9999	0.9988	0		
821484f6-03b0-4fc4-aec6-f4f946574021	17.46	https://www.youtube.com/watch?v=6i8Eu24v5Js&t=638	 dades eixiries personalitzades individus entren mímica i gràcies a la nadia el director provincial ajuda oficial de bar	0.9574	0.9944	0		
8f7be1bb-1db4-439d-b79f-7fb67b352390	11.88	https://www.youtube.com/watch?v=E8w7ZN3lM54&t=2543	 esdevé el val regal a la tarda hora en el qual i maquillada i que s'ha de dir la nena per la doble vida per fer viva la	0.0199	0.0268	2	correct	
6df9bbb0-120d-4db0-bbf9-ed5e48c6897c	19.62	https://www.youtube.com/watch?v=HIEtUjPCv9Q&t=3823	 bueno moltes gràcies a tot ha sigut un plaer us desitjo de tot cor que passeu aquest tram se lo millor que podeu que co	0.9815	0.936	0		
e4836053-740e-42bf-a14d-db564d6bfac9	18.90	https://www.youtube.com/watch?v=Wqm9dkS5DzU&t=2251	 el the gasti en llucià fill fer però era pitjor que els acaba de dera ciriaco ell no és menys enlluernar i preguntes i 	0.037	0.0006	2	correct	
3cc2193a-55d7-4d8b-97bd-ab7bc9d7dac9	3.21	https://www.youtube.com/watch?v=CqLGa0UqkRY&t=550	edu innates han d'avançar que hem de témer aquest paper	0.9997	0.997	0		
8d4d5c83-ae55-48ab-adb7-d6e02c57d681	19.11	https://www.youtube.com/watch?v=IgRA5bkKGaM&t=5464	 l'essència de déu de llei de la seva ajudant aquells que ja et deu el seu disseny molaria molt xammar era monjo nena di	0.0811	0.0195	1	correct	
f24853f4-e90f-4abc-9185-a25785f85fe3	4.83	https://www.youtube.com/watch?v=hva6Rtu2ImU&t=2468	 gràcies per la professora de la gent hagués gràcia estarà fet per les llicències	0.9338	0.9858	0		
085514f3-5ad7-4645-93b7-5b9a555848b6	4.68	https://www.youtube.com/watch?v=HXDnUYbg4rI&t=2427	 puresa tomada l'edifici han de connectar la bateria per a que siga estenent d'autonomia	0.0364	0.0052	2	correct	
70f5d36e-1b65-47e5-b516-ad30605d0a9d	6.51	https://www.youtube.com/watch?v=X8wqin7sNTU&t=16413	 i la tècnica ho notaven tan devota d'alegria porten ara l'informe assegura que no también per aquí	0.2541	0.9205	0		
1b249556-d0bc-4e6e-9d08-2fbc64fffbed	6.21	https://www.youtube.com/watch?v=iXehA5gkBzs&t=414	 ubica la persona se'n troba l'intervenció anar sortint abastament per tant penso que no cal no cal explicar-se	1.0	0.9993	0		
dce2e780-149d-45f6-8c77-0cd6a40fcf19	3.03	https://www.youtube.com/watch?v=W0o-46J6nDs&t=1176	edat ell la persona fa una tasca	0.9898	0.9942	0		
b024ac68-54ae-41ac-96bb-9d0d13e4ff5d	5.34	https://www.youtube.com/watch?v=W0o-46J6nDs&t=948	 lògicament és per un ordre judicial i és això les persones que no es a traves	0.9999	0.9993	0		
7d3a5840-fb6a-4e89-8108-ab7be46eec46	19.98	https://www.youtube.com/watch?v=nTSBxh7-tes&t=1268	 quan este fenomen un haver ideat empetitint guanyes o perquè pugui haver-hi totoro senyors alemània i ai un barrio en b	0.0254	0.0159	2	correct	
de4f8630-83e9-4df5-8ff1-a6dcd34a4390	19.92	https://www.youtube.com/watch?v=xIeEEUu8xBk&t=10056	 la historia a les oficines veiem que un rigor i una qualitat en la gestió molt alta tenint en compte que en nombre de t	1.0	0.9983	0		
00a7182d-8b4f-469e-844d-523b86599a4c	20.16	https://www.youtube.com/watch?v=sMnSnw-Zdzw&t=297	clip ció activa per part de tres víctimes adultes abusos sexuals infantils com són la vicki bernadet presidenta de la fu	0.9999	0.9983	0		
4d348f74-c151-4cba-9308-294898547ba1	3.21	https://www.youtube.com/watch?v=c-SpppnEZII&t=2130	 cuina per a ús familiar	0.5397	0.6027	0		
80e0eca5-54f7-4f9a-be75-5b9c02079776	17.01	https://www.youtube.com/watch?v=uk8LxVM5DDU&t=5096	moltes gràcies presidenta no farem el míting ben escrita que lloguin alt la moció hi ha coses que no podem dir que estem	0.9998	0.9998	0		
c9bf6d47-e8b1-4200-819b-6c56be4875c6	19.95	https://www.youtube.com/watch?v=FJh77SSomc0&t=11397	 la justícia social el laïcisme o la plores plurinacionalitat de l'estat quart continuat al treballa més que des de l'àr	0.9992	0.9983	0		
d1134fc6-3d94-4a00-b656-4450bd90f1ec	18.48	https://www.youtube.com/watch?v=8w3K1Vfxp0U&t=1854	 i va decidir planificava nupcial de planificar-ho i s'hi ha de ser estructurada per complet o la carrera judicial és un	0.329	0.6533	0		
e8631075-08c9-4acd-afb5-6163dffc56e8	20.16	https://www.youtube.com/watch?v=mb6LySCj53A&t=1618	doncs posem o a on anem a alguna d'aquestes pàgines estuporós maldita neutral secador lupa diferents contextos i abelló 	0.9998	0.9993	0		
ab5f6a5c-9598-4252-95de-54387461c2d3	13.74	https://www.youtube.com/watch?v=X8wqin7sNTU&t=5995	 el propio folgado no negociarà la reclamació amb bueno pues no no la pot fer que no diga no s'ho tros que nosaltres com	0.0582	0.0093	1	correct	
1d98a17c-a70e-45d9-8b12-4934d20a2d0f	9.30	https://www.youtube.com/watch?v=IFf1nPTndxg&t=1347	 i la resta seria si fa no fa potser pujaria el de mels delictes contra el trànsit a la resta més o menys seria el matei	1.0	0.9998	0		
08f4b4b2-8971-4955-bc0b-85c760f47c8e	18.33	https://www.youtube.com/watch?v=m5mJ05RhzG0&t=2	 actualment estem gestionant cinc centres d'interpretació i una i vint-i-tres espais històrics visitables a i intentem d	1.0	0.9997	0		
5bd206ed-27ad-4dda-bf43-c894de46a168	20.16	https://www.youtube.com/watch?v=qVfjdRC8fdk&t=3582	ens fa temps molt temps que algunes d'elles ho ha estat reclamant i és evident que donen un servei i que generen d'onze 	0.9999	0.9969	0		
0690d961-03bd-409a-aa3e-3e2505473963	7.62	https://www.youtube.com/watch?v=GRplYfBHmLM&t=12507	 ah i noble molt bé vinga un problema de nova mos alcampo que ai sais ha tranquilo zona de valència	0.0008	0.0003	2	correct	
422feac0-769f-4e73-9bf3-7006b85d4da2	12.54	https://www.youtube.com/watch?v=6pYNbNR4o44&t=3154	 gràcies senyora presidenta evidentment ja ho hem posat de manifest anteriorment a vostès pengen les carpetes públiques 	1.0	0.9988	0		
0778e6b9-7aa6-4df2-8046-0694430dc92c	20.01	https://www.youtube.com/watch?v=TJRpC9yVwU8&t=7809	 un ample no i territorialitzada més enllà de localitzacions concretes això ho vàrem passar el reglament de funcionament	0.9906	0.9909	0		
bc5d4092-537b-4c04-979a-814ac0f9d6ed	4.65	https://www.youtube.com/watch?v=XVIzAtczq6Y&t=674	 bé sobre el consell d'administració augmentar queden començarà el procés de creació del consell d'administració	0.9972	0.9927	0		
02cc1cd9-dfb0-4a53-8af9-63b9c85fa8e2	7.08	https://www.youtube.com/watch?v=mybF99FospM&t=12390	que a vore no cosa bosquet cefeu a l'altura de motor de la senyoria n'hi havia allí	0.9867	0.8564	0		
9ceaaed7-0dd7-4901-b855-dd195d02435c	20.01	https://www.youtube.com/watch?v=GcL55opJXys&t=1125	alta de riesgo la mayoría de los expertes weaver fi amablement viejos el lugar de tian algú no està funcionant d'orient 	0.1184	0.2353	0		
ff7bf5e9-34b0-424b-b91e-a910f3e8589e	16.29	https://www.youtube.com/watch?v=T3V3PEAd-cE&t=1010	 il·luminen treballeu empresa del de de proveïdors de primer d'eso intervé no llegís vaig començar els hagueren allò va 	0.986	0.985	0		
3ea70a01-2c5e-4c32-ba60-dae6f0653ebc	5.46	https://www.youtube.com/watch?v=RCgPuhXq5X8&t=2347	 tan aviat encabotament de les seves instal·lacions central amb la de cable de lloguer	1.0	0.9993	0		
c7041c35-fbdc-4dfa-81bc-3d2a2bae0b8e	7.38	https://www.youtube.com/watch?v=GRplYfBHmLM&t=10760	 llegeixo a orar a criar introduït a les dites queden fiades por los indicadors mestressa pujant de comissions obreres	0.2196	0.0571	1	correct	
98ef35a0-5019-47d2-a891-2b387e6d74f2	20.16	https://www.youtube.com/watch?v=tFJrQ65cXY8&t=5343	pacient amb aquest procés si s'ha partit en tota la prova exculpatòria d'aquest procés no acabo de veure-ho clar en el p	1.0	0.9995	0		
0887c1f9-2a53-4fa1-8a88-98351e5f967b	20.16	https://www.youtube.com/watch?v=wwI_zXihIlk&t=330	bé que seqüela observar en el de la xoc comparador és que en el centro del poder judicial s'ha promociona suerte d'espec	0.1681	0.0464	1	correct	
6e792fc2-5d67-4669-b9a4-4e242dff7f29	19.74	https://www.youtube.com/watch?v=oFTNGu6C-5E&t=3091	 era plaga curicó entrenarà per cobrir de corea de la deficient en cas de l'ami endogees la posaries en l'assaig amira n	0.5263	0.0373	1	correct	
dd4d6e41-0ee2-4a27-bc97-e9496bfca2a8	6.15	https://www.youtube.com/watch?v=7FueKMVoKac&t=129	en tots els països del consell d'europa ara tenim un codi d'ètica per al sistema penitenciari	0.9998	0.9998	0		
402dfe40-66a6-4679-a5ba-56eb5a8e6fa2	11.55	https://www.youtube.com/watch?v=QSCi88X-KGI&t=125	 dóna una mica la mesura la mesura del que són les coses en aquests moments jo sempre dic que en moments d'aquests de ll	1.0	0.9995	0		
7a1fd943-f4b7-43d9-a3ce-6ee3522dc0c6	6.54	https://www.youtube.com/watch?v=P0n7UCwb3M8&t=10940	 seria bo per a la la proposta i llindes d'indis de treball	0.9949	0.9923	0		
d2594c4a-4c42-470a-9045-330be5561826	16.47	https://www.youtube.com/watch?v=H9Pi-hMJD7c&t=659	 i l'estalvi de miso planer estreteixen aznar encegar cuenta de que hay una augmento de mujeres que haura estan declaran	0.0213	0.0971	1	correct	
a03de6d9-7c6a-41fd-932d-b1627e1350eb	15.60	https://www.youtube.com/watch?v=uGSP-TPJmsE&t=3326	 més de la meitat de la força la gent amb problemes de la reportera de manca de recursos econòmics no tenen problema t'h	1.0	0.9996	0		
8f97e451-b7f8-41c7-b3f1-be8c0390ef52	6.57	https://www.youtube.com/watch?v=kKrIidfb2Z4&t=520	 que no existe competir aquest plenes de desè se poder profunditzar en un en un sistema que	0.8483	0.8742	0		
43719e21-b4dd-4e89-b9f0-88d0b6e5955a	17.58	https://www.youtube.com/watch?v=8dnXzrN7SDY&t=3414	 es fa l' dia i hora on oscar està jo només m'he plantejat a en com argument és a dir que és el que argumenta una pa i q	1.0	0.9999	0		
641aee4b-db2c-4cfe-8ca9-f426f891d921	3.45	https://www.youtube.com/watch?v=gO9McsskpXY&t=89	 com a grup de comunicació líder a internet	0.9991	0.9946	0		
7eb6860f-3e17-49be-9cf6-5122e07f5e1a	19.68	https://www.youtube.com/watch?v=LPtJU3CSziY&t=363	 la sorpresa no cancer voldrà dir que està passant com és que inicialment tenim aquesta sensació no i fins i tot hi ha c	0.9999	0.9998	0		
c4451d92-1608-401a-89e3-4a1278af021d	19.44	https://www.youtube.com/watch?v=9BtyEx9GQGE&t=84	 val a ser-ho jo s'adrecés adapta por massa bé profà aida ateneu la raó del qual tothom nous endur-se pur molt bé vells 	0.0	0.0006	2	correct	
42c5ebd7-eed7-4a97-9bc2-dade0d5fdbe5	6.84	https://www.youtube.com/watch?v=UWKNamS4bew&t=950	 quartet de l'ajuntament dos mil dotze monocràcia de l'exiliat relatives a patir per riure o xerès minuet	0.151	0.0181	1	correct	
3f53c55c-cfbb-43b1-8aa4-d87c5d682b67	7.59	https://www.youtube.com/watch?v=52vPhVbnxis&t=4184	per tant això és el que veiem vostès bé per això que s'entrava en joan han dit que si vostès amb les seves orientacions 	0.8401	0.9881	0		
065886c6-8ea9-4efb-bb87-39ffd2eec73f	11.64	https://www.youtube.com/watch?v=tJsfkZgHN18&t=6337	 però també les limitacions de servei del programa poden ser superades si les víctimes van estar personades en el moment	1.0	0.9996	0		
53ec9a6c-d3fc-419b-bce1-ee37f1b19af9	16.53	https://www.youtube.com/watch?v=wkaEVW3OQiU&t=1449	 el centre ortínez dinamitzador és evident no se'n ressent però sent quan fa digital sentar a deixar això no em fie té c	0.0139	0.0085	2	correct	
a14ddab6-7e00-45aa-81d5-e5bc6663cf87	20.16	https://www.youtube.com/watch?v=pW_cpsUbasA&t=66	si em permets una alleugerar intent decoració esquila excepcionalitats comporta sempre una correlació amb els proves men	0.9935	0.9453	0		
f2d5084f-47d7-4984-bb82-46164f54f13f	4.35	https://www.youtube.com/watch?v=GPSvQkasENA&t=1419	 i ara la part inferior amb dir-ho doncs escoltar avui colocar una segona imatge	0.9954	0.9997	0		
851641ce-da77-4c4f-a97c-50b54a8133c6	13.32	https://www.youtube.com/watch?v=7NsOCq6X1b4&t=2651	 passem al següent punt pot donar lectura al número setze militar en el qual sitges proposa informar favorablement el pl	1.0	0.9995	0		
dc82bc5e-047f-49e2-8ed1-10cc79bea1a0	20.13	https://www.youtube.com/watch?v=FkPWqzTlG5c&t=170	 retirar de la que es parla molt sovint i que a vegades és merament retòrica per tant primer de caolí llançar és la nece	1.0	0.9997	0		
78761487-ddf2-4c2e-af4f-1e09dcd15972	19.86	https://www.youtube.com/watch?v=YprsQRxCkfc&t=5086	 respectar a el tema que s'ha comptat de gassol l'ús o el personal i a més no com tampoc podem entrar en aquest punt a f	0.9538	0.7784	0		
ba399895-a1ef-469a-9e2f-27de83050466	19.92	https://www.youtube.com/watch?v=SCuSMVJoZfE&t=148	 de agafem imatges qualsevol i això ens serveix per il·lustrar el que us vull explicar greu una de les coses que et tran	1.0	0.9999	0		
1cfe1cbc-6ef1-417f-a635-f7743af231b8	19.86	https://www.youtube.com/watch?v=fUcbSuAb8dQ&t=12086	tiva i policial i tina que serà el gob pactada parar marees legislatures i que no canvie con independència del color del	0.5717	0.4781	0		
b67228c6-4fbe-4190-9796-27d34b55d61b	19.83	https://www.youtube.com/watch?v=rIJ_Uy64NLg&t=4218	 anant directament als pressupostos no faroners girs per real partida perquè crec que no cal el primer que constatem és 	0.995	0.9982	0		
d1b20eaf-95bb-4683-b845-fc3a66a228bf	6.99	https://www.youtube.com/watch?v=Kh7LKoV8Sic&t=1026	cervell i més al servei d'unes persones que s'estan desenvolupant dons en quet en aquest precís instant	0.9998	0.9997	0		
d761b481-3ca5-4b5c-af8b-76efb5d17cb4	19.86	https://www.youtube.com/watch?v=btTR-yUXZzE&t=190	 intervenció en les que feia bo acabo néstor salvador seguí seté any os nunca han entrat al de ensenyar a pintar no no s	0.1807	0.2103	0		
35cb2981-4b74-4c9c-9313-bb15b48b7315	20.04	https://www.youtube.com/watch?v=-aZWkCSFJu0&t=1367	 plou a mi no m'interessa tant el futur de la cultura portuguesa coneixent-lo i il·lustrador i fi nom hidratat d'actuaci	0.3355	0.4412	0		
55c1ae00-5a67-4744-a74a-ef1ccdb1c52b	19.80	https://www.youtube.com/watch?v=n706KDJzWrU&t=95	 les persones que nosaltres i tremp doncs jo penso que s'assembla bastant a la població que també ens ve després de fer 	1.0	0.9996	0		
d10ff034-6cd8-4e95-bc74-b9dcd7d2e066	19.53	https://www.youtube.com/watch?v=CqLGa0UqkRY&t=178	 la futura serà la informàtica pot solucionar el problema de més de ser justes i després quan tenim tot això ho hem d'ub	0.9924	0.999	0		
604e415d-0c35-4662-b537-c5482e199934	17.55	https://www.youtube.com/watch?v=ULR7gmKbPac&t=2589	no tenen un modelat trabajo logan és una mica fer un homentage yola noteu que implicarà una manera polígon urbà per reci	0.0799	0.0356	1	correct	
f94fb26e-74b7-4c84-b0ab-ca548af466e1	20.16	https://www.youtube.com/watch?v=u90s5KV3ZMY&t=3558	potser ingènuament en els al partit popular ciutadans i del partit socialista es pensen que amb el llevant no sols no se	0.9999	0.999	0		
ce2666b7-1426-4bce-aa7a-1f555a88e73c	19.80	https://www.youtube.com/watch?v=XiURaIKwh2I&t=2453	 també el sistema de serveis socials i t'hi focalitzo l'article dinou de la convenció que ens demana que siguem capaços 	1.0	0.9997	0		
910d6fc7-a224-4a89-94a4-329121cb5f0d	5.94	https://www.youtube.com/watch?v=8dvYHgL97vU&t=250	 seth que el que és menys cert formalitzada és més acceptable i controvertida que la unitat espacial	0.9974	0.9988	0		
7a1ea79d-fca2-4d46-84c1-5b23fba94a2a	5.64	https://www.youtube.com/watch?v=JrKW0CkQKWA&t=13883	 relacions però dels senyors gutiérrez sanchis masson avila	0.4777	0.5694	0		
f0a247bf-d9dd-4723-a015-a58be5467862	17.19	https://www.youtube.com/watch?v=TpNFGu40jqs&t=3140	 faré la feina aleshores jo he defensat sempre ell i no fa gaire vaig fer a la facultat de larves de barcelona la teva t	0.9931	0.9908	0		
22ebde57-6a19-43f1-8c72-951b0ff22ebd	15.30	https://www.youtube.com/watch?v=AlqC-CxLx00&t=1729	 ha estat per sobre de tot oposat al reconeixement de catalunya com a nació i a les seves demandes d'una més gran d'evol	1.0	0.9995	0		
c25e73d9-1bca-4948-b55f-e69a4a5ae5f9	6.60	https://www.youtube.com/watch?v=koNk4WSChvc&t=1571	social treballa vincles des del principi de realitat i el principi de idealitat	0.9902	0.9963	0		
93134755-2a43-4650-a378-6d4259f09429	8.25	https://www.youtube.com/watch?v=wZrAvCYJAg8&t=10807	 una tarda de dissabte la tarda a cinc i que per tant tants i a la pròpia escola ja n'era conscient en això que van deci	1.0	0.9999	0		
36f2f91c-876f-403f-b03c-ce28dfd27831	18.93	https://www.youtube.com/watch?v=buB7yc8Mhns&t=3495	 tinc tot dibuixat i tot fet l'apaga persones era més complexa per tant nosaltres no no volem lligar no és aquest blog a	0.9995	0.9963	0		
57c5769e-74a9-4cb2-b7d6-77dac5c405b8	4.17	https://www.youtube.com/watch?v=FJh77SSomc0&t=1185	 ona tanta demanda forma positiva la coordenades afamegat aneu agafant els camps de treball	0.3919	0.0277	1	correct	
524d54e4-32a3-4155-a486-b32d5805307d	20.16	https://www.youtube.com/watch?v=JwTkw02QSR8&t=7555	està d'acord i depenen de cada proposta siga de vostès em pos a tossa de mar a la mà recolzar-la i crec que d'esta maner	0.9806	0.9953	0		
90a1f8f8-90cc-4a87-a973-ee8fb8abc975	5.31	https://www.youtube.com/watch?v=mWejfPVYMgM&t=3801	 albiol intrapersonal o s'ha notat molt la pastisseria i patologies	0.1018	0.0602	1	correct	
ffd343a4-60aa-4115-8d71-9460987c65f7	20.16	https://www.youtube.com/watch?v=ENKEcm1lKV4&t=1725	a reduir les administracions evidentment fèiem faríem una reducció sobrenatural serveixin propi però convé com bé he dit	0.8019	0.7535	0		
f55a4cdd-10a6-4cd8-aaf9-7585beac9a2d	20.13	https://www.youtube.com/watch?v=6pofiBENBpc&t=81	 estoneta en la part segona d'aquesta reunió que farem per explicar-vos una de les nostres estrelles de servei que és de	1.0	0.9998	0		
9259a9e7-bf1f-42f6-afa5-3953970e0f72	9.96	https://www.youtube.com/watch?v=oyccaHKkrnw&t=2378	 l'event va respondre al mateix temps que l'autodeterminació només pot significar la secessió de les nacions	0.984	0.9993	0		
aa586d7f-5e14-4299-85c0-b9e33fd2d6f6	3.18	https://www.youtube.com/watch?v=jPQYi7h1e2c&t=221	 en relació a l'equip de govern local i decrets d'alcaldia	0.9957	0.9257	0		
7207f1b2-6f9c-40b6-b237-62767b58a8e9	19.38	https://www.youtube.com/watch?v=z3iZ7iS8-w0&t=138	 doncs que hi ha una de presenta un panorama d'aplicació més positiu que el codi penal que tenien vigent fins al trenta 	1.0	0.9989	0		
f763a38a-2a64-4ec1-8ac8-d4dc6f1661a5	11.25	https://www.youtube.com/watch?v=tUiJfoAglN8&t=8112	veus una donar dues àrees vuitanta tres per cent cinquanta-sis mil cuidant de tres persones a què s'han encarit els rebu	0.9963	0.9989	0		
aabb949a-d244-4265-a287-5a24954b9a38	19.98	https://www.youtube.com/watch?v=GcL55opJXys&t=1287	 tienes long muy importante aníbal d'assajar bride of diario per varies coses m'ho penso moment passà de fita obligar-la	0.262	0.2327	0		
0a1ee8cb-c0c5-4e5b-86fc-50e8c838efa2	3.69	https://www.youtube.com/watch?v=_QKh8wsul5Y&t=1308	 i quedar-nos habitat exhibir que treballar amb xarxa	0.9994	0.9982	0		
8b1269aa-4624-4eb4-9a16-b89108379e30	3.78	https://www.youtube.com/watch?v=MmLe31Ldb-g&t=2334	ànim i no les oblidem	0.2686	0.0864	1	false_positive	
d78b88e0-932e-458e-85df-04416eec307e	6.21	https://www.youtube.com/watch?v=n84Z5IuBbso&t=2024	 un colega i os i s'emocionava se n'especifica para perpetradores de dones de les jerc mística la peça de cardiff	0.9287	0.8984	0		
4636bb43-eced-45d3-996e-d706e6dff317	19.89	https://www.youtube.com/watch?v=9BrIwVbZZ7c&t=3194	fàcil d'usar evoluciona la recuerda aquesta dient aquest humanos a que bastir jazz etcétera i et diran que tiren monnet 	0.6594	0.1783	0		
77f9557a-9905-429d-bd5d-e90f82dc2611	19.95	https://www.youtube.com/watch?v=xJBHAG4uFFE&t=10210	 tot i que l'ordenança i ha descrit el procediment a seguir quan hi ha una mossegada a una persona o a un a un minut o u	1.0	0.9979	0		
e70f6d3d-cfc0-4897-ab8f-161c8c3f76b0	19.74	https://www.youtube.com/watch?v=TYFOviaRerw&t=939	 la dita clima laboral que es viuen als jutjats i la intervenció que ha fet la yolanda també amb el amb el tema de l'evo	0.9993	0.9966	0		
6a725d4b-5a74-490b-80c2-1ec5b83368cc	4.32	https://www.youtube.com/watch?v=GZgypECJlo4&t=3601	 vols fer les famoses d'anar-se'n a la pell solen aquí un exemple	0.2104	0.1916	0		
75114794-6cda-48f6-af92-65ac0de80010	3.27	https://www.youtube.com/watch?v=FmFqdsPO3zo&t=2714	 i jo tindré medieval capellet aportant els vots	0.3312	0.0343	1	correct	
9f15e446-9483-4e20-be22-6d9772311ccd	8.55	https://www.youtube.com/watch?v=mybF99FospM&t=523	tota la població que s'hi estigui o carolina fanlo nova regidora de l'ajuntament de silla disposta a treballar per vosat	0.956	0.9878	0		
32006b97-e725-42d3-9405-eab724b09f6e	19.74	https://www.youtube.com/watch?v=z4huf2hSygA&t=2399	tena mosca acudir todos a sae assajar m'havien to que jo sí que que ho seria i quan esta bé me quedo con el mensaje busc	0.482	0.0618	1	correct	
c0cfb2d3-54a4-42d5-afa9-8b2ec8895bbe	20.16	https://www.youtube.com/watch?v=kNpgt3Qw3_M&t=16258	ni entre els i les cases particulars si compartien perquè són la residència habitual de bomber fino no és una activitat 	0.7363	0.6548	0		
ffe33a78-ad88-4ac8-afae-8537174b30e9	20.13	https://www.youtube.com/watch?v=LXHIs0OSwxE&t=1109	 fer l'activitat de los podries públicos sus pressupostos sus autoridades et como se gastar el dinero de les contribuent	0.0054	0.0234	2	correct	
cbcaccc8-3640-4782-b659-0bc63652bbf7	5.94	https://www.youtube.com/watch?v=nbLg7b79Jtk&t=169	 durante ni presentacions potser no deixa lloc a la mani podemos discutit l'havien eh perquè mos	0.9253	0.5881	0		
c38db51d-0855-47d5-bb28-ef3e7f6b84ac	20.13	https://www.youtube.com/watch?v=qGVMWHzHmcY&t=3322	xa clar l'informe l'haviem de lliurar l'avi abril o maig s'havien de lliurar l'informe d'inspecció per tant no vam poder	0.9999	0.9994	0		
19010a36-39ac-4705-8016-0d4d939d5886	18.81	https://www.youtube.com/watch?v=XtV_cdyr3Qc&t=9272	 cliqueu les digitis pelleter nits expliqui tenim format per la contrada es congelés al viena i maig miosina recollim pu	0.9621	0.9906	0		
d5ead352-9afe-47ac-99a9-b77cc1df5253	18.54	https://www.youtube.com/watch?v=VaToFN1v4QA&t=291	 hola bona tarda bé primer lloc felicitar als ponents per les intervencions han estat força interessants i amb iniciativ	1.0	0.9997	0		
e0d1c5f1-114d-4fda-817f-814ed988f3e4	6.81	https://www.youtube.com/watch?v=AuX0lMgc8EY&t=983	 l'objectiu de l'article és donar-se albardes per les víctimes ara contra la victimització secundària o reiterada	0.9997	0.9997	0		
7f07a729-04c9-4ee1-903c-8df81c50f070	20.16	https://www.youtube.com/watch?v=k7Y73Z6m6Zk&t=2493	isi del model capitalista en el qual nosaltres vivim i que la generalitat està actuant a fonamentalment als interessos d	0.9999	0.9979	0		
6c986e4e-feed-4bb8-bee5-49b0e54a378b	3.36	https://www.youtube.com/watch?v=28rVZovcRaQ&t=2820	 la nova temporada de sèsam al mitjà jove	0.9318	0.9949	0		
934a4ecb-50d3-4656-b647-0576ae7d7d13	6.33	https://www.youtube.com/watch?v=1-AqlkmIfGM&t=144	sí sóc un gat la gomera fil i l'agulla municipal davant lliçó preveure una baguet en el plenari virtual	0.9911	0.9814	0		
e1894402-3137-4531-b704-e30cbc347165	7.92	https://www.youtube.com/watch?v=257NDBRB_Hs&t=2252	 relacionada del bon resultat perdonar del delicte la sociodemogràfiques la relativa	0.9939	0.9824	0		
c08b0432-6dd4-4012-84ac-2271e495341f	8.91	https://www.youtube.com/watch?v=28rVZovcRaQ&t=3591	 peró una van endeutar i el guiarà en tot cas no es cremen lligant el procés se li va bé també és per buscar	0.3747	0.903	0		
2f37e064-1370-4f71-9f71-1f6864168d52	8.58	https://www.youtube.com/watch?v=9k3fQZo5bNk&t=73	 i hi van ser processats inclús amb un consell de guerra i això va desencadenar no una gran campanya a favor d de la lli	1.0	0.9986	0		
1f2fe4b7-67fa-4fe1-8bd7-e8514a1cca9f	3.27	https://www.youtube.com/watch?v=5VqaPdreGMA&t=1304	 el compacte amb els representants de l'església	0.9777	0.9996	0		
96f85094-b198-455a-b149-676b73555a1b	20.16	https://www.youtube.com/watch?v=Lqv718i_JVU&t=3122	els progenitors evidentment hi ha aquestes funcions hauran d'estar determinades també en una resolució judicial que se l	0.3101	0.9985	0		
6b61d40e-bff6-40e3-b362-30ffa04b5da5	19.38	https://www.youtube.com/watch?v=c27W0Q1xAcg&t=2848	 no van correspondre administració recorrerà davant de la justícia ordinària competent per tant s'hauria de cercar algun	0.7172	0.9911	0		
71ffb9b6-3163-404c-a410-fb65672a4345	20.13	https://www.youtube.com/watch?v=t3nNRod3nOE&t=1105	 l'arbre de les retribucions dels funcionaris de la diputació asseguradors la diputació com la llei d'estabilitat pressu	0.9988	0.9964	0		
f38112aa-29d2-49ab-b5b3-61031657e671	19.32	https://www.youtube.com/watch?v=GAwBL-9WmS4&t=64	ca la susanna a ruth està a la primera fila i la carolina moreno que també és la quarta autora no ha pogut estar aquí pe	1.0	0.9989	0		
d45d5d00-63d4-4ed8-b0ac-64cbebe3983d	20.13	https://www.youtube.com/watch?v=xOFFqZGDrtg&t=1883	 de diners i si socies maximitza uns allò funcionat molt bé no no funcionem aixó perquè haguem d'estudiants en tenir mil	1.0	0.9995	0		
87e81941-8e2b-4f5a-880c-9de692dd5aa9	4.65	https://www.youtube.com/watch?v=J657_X9XVmU&t=1345	de fet el desideràtum de tot plegat que haguessin volgut fem el nou gencat	0.9997	0.997	0		
8dd60209-3a52-4af8-8d6b-c5ddcdf88641	10.83	https://www.youtube.com/watch?v=DOr8eklvE50&t=2568	des de l'ètica de la empresa o de la organització i en espais n i anemones servir socials hem anomenat espais de reflexi	0.276	0.9874	0		
5944301a-16da-416b-b1e6-85d83567cf38	8.22	https://www.youtube.com/watch?v=koNk4WSChvc&t=3472	 i jo sóc la persona encarregada de fer educació social de creure en les capacitats d'aquella persona de crear estabilit	0.9652	0.9623	0		
08ad3a8d-f7ea-4dd5-a530-a5eecaf4765c	18.48	https://www.youtube.com/watch?v=qxXOVm-APCc&t=290	 quarta amb una sorpresa per mi em i he descobert que catalunya és monàrquica fill estima la monarquia o d'ego porquí en	0.9987	0.9682	0		
f5f9eb68-eb50-4385-832b-996dfa2e05fa	19.92	https://www.youtube.com/watch?v=1E5X9UH7b0Q&t=3319	 i la geltrú que no resulta massa interessant té sister uso del deporte em como instrumento d negociacions ni per aconse	0.0084	0.1469	1	correct	
0cb629ae-a57f-482b-82fb-d21c0ce3ef59	20.13	https://www.youtube.com/watch?v=SY3PBzI9P8o&t=4415	 ho he fet el que els hi marquen movent molt jo crec que ell no se puede em afegida que tenen una libertad l'haurà de di	0.1634	0.0396	1	correct	
b24dca23-b5e8-43f2-8afe-7486fe5041f4	16.41	https://www.youtube.com/watch?v=4Ct8IbDRupQ&t=640	 gràcies a la pregunta acompanya per mi el nen ha nascut a l'estranger i al competent és el registre civil central si el	0.9983	0.9943	0		
abef983e-8171-45ba-b3c2-1ea8a1fdd9f0	3.96	https://www.youtube.com/watch?v=KZUlzZIYGMo&t=1543	 per atrapar eh eh eh eh eh	0.1526	0.0437	1	false_positive	
cbe33dc4-6214-433e-9590-9bafc8b9af9b	9.93	https://www.youtube.com/watch?v=cHTPXaEsme4&t=1031	hi poso puesta de cumplimiento de l'afiliació vicente ni la millor experiència i ben gobierno des de ciutadans de períme	0.0246	0.1463	1	correct	
a7a705d1-c113-408f-a126-5a450828e8b3	15.87	https://www.youtube.com/watch?v=Kh7LKoV8Sic&t=31	 a mi així tot i reconèixer que fa una mica de por i una mica de por el fet moltíssimes classes a la universitat moltes 	1.0	0.9996	0		
721c048d-22b7-458b-ae14-f0e41e33d95c	14.28	https://www.youtube.com/watch?v=esjEW9uHUL8&t=825	és una bona notícia que em malgrat que puguem tenir incidències tenir un protocol d'incidències lleus que està funcionan	1.0	0.9974	0		
bba92a1e-c8cd-4f0c-a750-de9dda2d6116	3.18	https://www.youtube.com/watch?v=va6_gqt6MFw&t=1950	després de varies reunions entre els afectats i l'oposició	1.0	0.9998	0		
3143215d-586c-4cb4-9845-f94072890f4f	7.92	https://www.youtube.com/watch?v=F7HTP1PdA6c&t=6076	 recull no ens ho va sentir a moody mantener invitar una o ramo a acariciar di	0.0	0.0002	2	correct	
9178c39a-ac9d-42fa-a3a1-41157cfb8469	20.10	https://www.youtube.com/watch?v=BpEzcXFHu-U&t=28	 per tal que sigui vàlida la sessió per assegurar-nos que tothom estava en territori de l'estat espanyol manté que sigui	0.9999	0.9989	0		
30b6db3e-9797-4d1b-8c6c-68e4ca72e1f0	14.76	https://www.youtube.com/watch?v=8E9O8NC3R8o&t=10528	davant a com cada mes doncs demanar la dimissió de la vicepresidenta cinquena sense atribucions la senyora núria parlón 	0.9993	0.9996	0		
03ab91be-e7e3-4214-99b4-4bfe288b3f8e	19.83	https://www.youtube.com/watch?v=Jp6cKX2F9O8&t=1555	 i li van preguntar a l'eva pregunta al cap dels dos jove cridar-li escolta tu et baralles cada dia o cada dos dies i jo	0.9971	0.9957	0		
39baf809-0488-4796-a13f-f36fcac046f4	19.89	https://www.youtube.com/watch?v=SY3PBzI9P8o&t=1233	 però que assumir que a canviar o todo i a orà e albarà endu otras realitzades com a segones open government en l'open d	0.1816	0.0733	1	correct	
df4c29f8-6fce-46fa-8188-fc9c74510b2e	6.06	https://www.youtube.com/watch?v=F7HTP1PdA6c&t=5050	 montserrat però per mi sempre ha fet sortir jo i ho sentit oferint una sense perpendicularment	0.0	0.0	2	correct	
9c618da6-fcea-446f-94ac-c511f9a90fa0	8.58	https://www.youtube.com/watch?v=FuOEAUaJOnk&t=5805	a dins del pronto ari podeu fer la producció de tots els formularis a totes les llengües de la unió europea és molt xulo	0.4475	0.9972	0		
41b05fc0-d914-4a9a-b609-15a632c0e217	11.52	https://www.youtube.com/watch?v=pid5vU14NDc&t=2107	karachi ínfima o és a dir com ho és a dir en fi m'havia deixat votar que no te voy a breda la cara porno que van a venir	0.0782	0.17	1	correct	
f969f49f-3d9f-4f75-af10-77f63030f95b	15.42	https://www.youtube.com/watch?v=WQfOtD-I3gU&t=1909	quin era totalment tran transversals en la seva forma més pura sovint es posen en evidència mancances ha en aquest senti	0.9968	0.996	0		
9eee1a8e-fad2-4ef6-b1bf-dd85bc40ec88	17.94	https://www.youtube.com/watch?v=WXMcsn9F1Dg&t=273	 moltes gràcies núria director del centre de directora del programa magistrada hehehe si magistrats professors doctors d	0.9985	0.9991	0		
94db6a4b-8270-4434-bc61-4f18afa265f8	10.53	https://www.youtube.com/watch?v=8ebbtysBjoo&t=86	un corpus crear grups de variables o a un factor d'entre les tot l'ostenta variables del safir està bassada en correlaci	0.71	0.2418	0		
432b4de6-7bc8-473f-abeb-e85b034e6d0e	6.54	https://www.youtube.com/watch?v=BplH83MINc8&t=1337	 no dubteu a negar-los vagant entre les ganes de no renovar generalitat carrils diguem a ningú	0.9754	0.9983	0		
751d60a7-5fd8-4be7-b4cd-5c7b32d493a3	20.16	https://www.youtube.com/watch?v=hS1k2jUD_5E&t=1114	citacions se les veuen totalment què opinaven ellos de que et porti a otro cinc venus quilo llaven acabo realmente no l'	0.8586	0.0222	1	correct	
a78a74ff-0da0-430f-b1bc-afc1d3875295	3.72	https://www.youtube.com/watch?v=910_sDZaTTU&t=348	com intentar millorar una mica la pròpia feina i aquesta era la idea	0.9996	0.9994	0		
84f64135-a2bc-4987-8b76-db0867043275	16.47	https://www.youtube.com/watch?v=KrjCVT8OKA0&t=5304	 administració autonòmica ves-hi gal·les diputacions vegada el proper govern d'espanya i aprofitar les subvencions per a	0.951	0.9934	0		
f5bb80d2-1eea-4f0a-b535-f897fe14415e	20.10	https://www.youtube.com/watch?v=V6Y_kqvFCZs&t=3761	bellver de bisbal és a dir intenten utilitzar-ho com a base com a orientació sobre com s'han de fer les coses altres paï	0.9995	0.9999	0		
638c8b66-c358-4103-9f3a-3057c807298a	20.10	https://www.youtube.com/watch?v=BCkjzQyp7Oo&t=2754	 instagram l'un serà qui sap més deu utilitzar twitter i totes aquestes xarxes i plataformes que potser una d'un no cont	1.0	0.9873	0		
4e06b96b-b2c9-4803-9130-37670a824219	7.05	https://www.youtube.com/watch?v=buB7yc8Mhns&t=4592	 esquema a això així gifre continuen sent pràcticament el mateix ara que fa deu anys	0.9995	0.9753	0		
664993a2-a7db-45cd-b97b-9b2638d8e4e8	19.32	https://www.youtube.com/watch?v=X_CFSNhT-iw&t=754	 a què em predit alt però que no ho reincideixen també és veritat que hem de dir que no visquis en període de tres anys 	1.0	0.9996	0		
bf2f9aa4-bd9c-478a-bf77-21efecefdc74	20.16	https://www.youtube.com/watch?v=mV8P6VOyTDE&t=6881	i jo vam dir dins el cor que van fer convergència i unió i esquerra republicana a l'inici d'aquest mandat que és que ens	1.0	0.9996	0		
9ed3e58f-c52d-494b-9500-d37b3b039f97	14.85	https://www.youtube.com/watch?v=mybF99FospM&t=5800	 rotundament a declarar per un català es va beneficiar principalment i prioritàriament esbart entesa en el que aquesta v	0.1406	0.9938	0		
b097f71e-8371-4a31-8905-8acd7b926f6c	13.83	https://www.youtube.com/watch?v=9q-Dzbt1DkU&t=499	 el punt d'haver crema aquests ideals i apreta donar emilià ipad que diem-ne do fallos de qui tenia la ipad diners cinqu	0.1089	0.0142	1	correct	
e30ca37b-e299-4405-bd0d-f09bab2d1b69	6.93	https://www.youtube.com/watch?v=eoLyMYgraPI&t=2513	 durante bonaparte del tiempo va dedicar-se a eso i patiran de vàter que afegeixo despatx	0.2092	0.2055	0		
d36db67d-6d7a-4155-9cef-4c4342bbbd94	19.95	https://www.youtube.com/watch?v=wZrAvCYJAg8&t=7934	 serioses l'explica amb el sentit de vot quan basicament amb mals ulls iniciativa han votat a favor de retirar l'euroord	1.0	0.9986	0		
01ba90d5-e550-49d9-a0a1-9e70242903a5	8.40	https://www.youtube.com/watch?v=Ez4WZ_kxSAw&t=5877	partidàs es podia haver treballat el tema però no els serveix d'excusa igual que vostè veu que no pot ser excusa per alt	0.9982	0.9968	0		
d693e5fd-4285-4991-9715-92f8d5350426	11.82	https://www.youtube.com/watch?v=JwTkw02QSR8&t=8036	o perquè entén que a mig o llarg termini serà necessari un centre d'especialitats en el municipi que siga referent també	0.8218	0.9887	0		
6f378207-6736-48cf-8881-ecf63606a14b	6.51	https://www.youtube.com/watch?v=Ez4WZ_kxSAw&t=6958	els treballadors estaven informats de quines eren les negociacions que portaven amb l'empresa	0.9999	0.9994	0		
edded8f7-89b5-4ffe-a6e2-f947ae6449ce	3.15	https://www.youtube.com/watch?v=GRplYfBHmLM&t=415	 un acord de saber que es va prendre el te	0.7573	0.9254	0		
f8779638-8b0e-4320-bf41-19409b824b11	7.38	https://www.youtube.com/watch?v=l8-tdRCkmEc&t=4872	 gràcies a tots i totes per acompanyar-nos avui amb aquest ple s'aixeca la sessió esteu convidats amb qui farem una copa	0.9932	0.9991	0		
94790f75-9d4a-4424-aca9-1732b34bf83d	20.16	https://www.youtube.com/watch?v=DDn11SCfySI&t=368	en llibertat hi ha doncs ets guanyaré tu vida sí però no hi ha aquest sabor lucre per altra banda demà algun sentiment d	1.0	0.9996	0		
ea841e60-1399-4b4e-befa-a8ba2cae83f5	15.33	https://www.youtube.com/watch?v=yrDaAcTQsQo&t=5258	joguines ja que són un tema recurrent a l'apartat de precs i preguntes per part del grup i que finalment hem rebut dues 	1.0	0.9993	0		
25578ea1-b8a9-4e6e-8c3b-9edb039f2298	12.51	https://www.youtube.com/watch?v=SrLMhMVry7U&t=1074	 ho intentem convertir barcelona en un centre econòmic que s'allunyi de les necessitats de les veïnes barcelona de ser u	1.0	0.9993	0		
96516478-1d02-47df-8c4f-c13824102dfd	20.13	https://www.youtube.com/watch?v=-yA45nY4G88&t=391	a participar en estos encuentros nova museïtzació en estos ell professos de comunicación ep com a pacte de la compensaci	0.2947	0.0549	1	correct	
3b661c8b-b498-432a-899d-e233ec1dd203	20.04	https://www.youtube.com/watch?v=tUiJfoAglN8&t=9198	 avui la cup poble actiu no podem continuar l'activitat institucional amb total normalitat com si no passés res fora d'a	1.0	0.9993	0		
a2c1a1ec-ceaa-413a-92fb-40fc5a59ec8c	16.38	https://www.youtube.com/watch?v=n1jrmSbMhcQ&t=2173	 l'estafa per internet i l'estafa de tota la vida però no la fem de forma presencial la fent d'una altra manera per tant	1.0	0.9997	0		
e141ae6f-880d-476e-b98e-e9e6d97af699	6.66	https://www.youtube.com/watch?v=P28EFjktp-Q&t=3060	 jo ho veig a molts a ell adolescents i joves que tenim allà el dies infantilització aixina que rivera d'aquests	1.0	0.9989	0		
7b4c1ec8-2972-476b-a5c3-5ba0136490b5	15.96	https://www.youtube.com/watch?v=a9Au0xUsqNQ&t=2076	 gràcies senyor president simplement per anunciar la nostra abstenció en aquest exili modificació de crèdit a què bàsica	0.9999	0.9976	0		
8b57dfb1-aad5-41a0-9e8d-895f14fe068e	19.32	https://www.youtube.com/watch?v=O1pBHj-5nEg&t=470	jutjats de pau en poblacions de fins a cinquanta mil habitants i jutjats de proximitat amb població que no siguin cap de	1.0	0.9993	0		
10324dcb-4328-4bcf-8bf6-e04a8e4e0908	3.45	https://www.youtube.com/watch?v=b52wAG5dOlU&t=3317	 massa prima a migdia s'ha compromès a fer	0.0307	0.9935	1	false_positive	
fc3823b7-e68b-4cd9-af7c-a6d61559342a	19.77	https://www.youtube.com/watch?v=Y5JeQZjcTrs&t=894	a la ciutat a l'óssa districte i a la ciutat l'elsa veritablement a atura aquesta lacra que són els desnonaments oferint	1.0	0.999	0		
69b53b7f-7e2f-46aa-b282-ff5153883949	20.16	https://www.youtube.com/watch?v=Ktfeu7vYwZQ&t=2370	altres barris caracteritzats perquè està enorme diversitat cultural i enorme risc d'exclusió social fruiters de les desi	1.0	0.9996	0		
a555a225-993a-49a2-8f7c-854d29900efd	20.16	https://www.youtube.com/watch?v=BdMmnhNs2Hw&t=1762	cada govern islàmic sigui cada dia millor govern islàmic és un esforç que s'ha de fer per tant és una paraula masculina 	0.9999	0.9968	0		
39d2f0d0-3553-4bcc-96dd-ca07049882d2	20.16	https://www.youtube.com/watch?v=mzhA5ZNb2wc&t=697	n'hi ha de judicialitzar aquest conflicte sobretot es prenguin la perspectiva del ciutadà la perspectiva de l'usuari la 	1.0	0.9994	0		
9232c976-f9b1-432b-b70e-3aefbd3e69b5	4.35	https://www.youtube.com/watch?v=UhH9I9rGDh4&t=2888	 vídeo la necessitat de reunir-se per devem moltes coses que quan van començar van predir	0.9996	0.9989	0		
ebc06a41-c0eb-4283-9be1-422a7c7e14da	12.24	https://www.youtube.com/watch?v=7FueKMVoKac&t=556	 el punt on s'atendran els diu que les presons les abram s'hauran de dirigir en un context ètic que reconeix l'obligació	1.0	0.9999	0		
6756395e-5fb2-4cc8-a1a1-c66cd36881a2	4.83	https://www.youtube.com/watch?v=36WA_QmE_TM&t=873	 per validar a vegades va a una vida digna a definir el lectora	0.1305	0.4081	0		
a0b0cd41-deeb-45f1-b0bf-38063979b06d	5.52	https://www.youtube.com/watch?v=3WhRC-05RSA&t=13117	 les ostres algú aporta sigués el globe l'entenc jo que és que fem un pla acorda llei	0.1951	0.9862	0		
78011864-79bd-4cd0-80ce-10a41ee17c86	15.87	https://www.youtube.com/watch?v=5WDwvSMBVMw&t=1455	què hi ha en l'entrevista que aixó no vol dir que no pugueu fer vosaltres altres coses adequades que sortiran de la vost	1.0	0.9998	0		
8c707d0f-23e1-468e-81a1-53c41e76c48c	19.71	https://www.youtube.com/watch?v=cZilxsb8PBM&t=215	que puguem assimilar a un jutge de pau en els sentit de que era un prohom reconegut dintre del seu comunitat quan un jov	1.0	0.9958	0		
6437d59d-32d4-4be3-b3c9-eeb50693d5ec	3.06	https://www.youtube.com/watch?v=Wqm9dkS5DzU&t=3204	per fer del no-res de tavernes sense conflicte	0.0385	0.0214	2	correct	
77b6b845-8e94-464f-8c37-f25028abdab3	19.92	https://www.youtube.com/watch?v=2j8brH_s_pU&t=2910	 d'immersions crec que hem de posar la nostra retina quins son no quins són els barris amb vermell diguéssim on fan salt	1.0	0.9993	0		
007beaaa-f772-4fe7-af28-35275abb06e1	19.98	https://www.youtube.com/watch?v=2d2J9lf-z0s&t=9461	 els toros estana a prohibits com la resta del país i per tant a aquella aquella acció concreta que el que ha fet referè	1.0	0.9996	0		
9c8ab22f-efb5-4c07-b0ee-58f07bcedb40	3.33	https://www.youtube.com/watch?v=C6WzdlUGgRA&t=486	 amb unes xips de teràpia artístic	0.1582	0.0012	1	false_positive	
b4c37af4-ae0d-4e33-875e-ce5593da2679	20.16	https://www.youtube.com/watch?v=cJC03f9Sa-0&t=3642	clap l'ètica pública i republicanisme que és el lema que car ens demana aquesta jornada a mi el primer que em va dir mol	1.0	0.9992	0		
9c0d5b31-2d08-48da-9d51-39ef390bc4ac	6.00	https://www.youtube.com/watch?v=XiURaIKwh2I&t=9079	 que no ho facin individualment jo entenc que la representació legal està estigui buida perquè aquí	0.2306	0.1342	0		
e3cd7472-8ffa-488e-8fb9-c3b8598bba47	9.18	https://www.youtube.com/watch?v=532kfZOx18E&t=1315	del nom el tall a pesar del mal les sirenes les balàfia lleuger i molt guapos no n'hi ha una joia	0.2319	0.1948	0		
ade65117-3792-40f1-8460-481adac133ad	20.10	https://www.youtube.com/watch?v=8bfRsQoP1sc&t=98	 em en amb l'americana i bo de petits amb antoni vila i vilà els va perdre de fet ningú d'inundar andana de quatre i l'a	0.0	0.0	2	correct	
5fd5ee62-5bb2-403f-8ca4-be6efaf54dbe	20.01	https://www.youtube.com/watch?v=3RAqGavM1m0&t=6394	 moltes gràcies doncs sinó dia esteu hostel paraules l'elogi molt guapa molt ràpidament i no permet el president dos mat	1.0	0.9967	0		
083992e0-bf28-4912-9077-281efef1e44a	13.83	https://www.youtube.com/watch?v=3oJFCqXVSO8&t=4780	 i per això el millor que hi han en tensions innecessàries quan propostes quina bennassar assassinar per acabar malgrate	0.996	0.9837	0		
84a8d847-3ca2-4b16-b818-d33d9b53278e	19.62	https://www.youtube.com/watch?v=KAKqAH88zyY&t=3339	 a ells precisament el no haver demanat permís hi ha d'haver començat des de baix de tot i després el que ens ha costat 	0.9999	0.9952	0		
e935be09-37aa-47f2-a635-e7a4b2d9ac50	11.70	https://www.youtube.com/watch?v=MOqARxwBqFs&t=14470	 seguiment titina l'obtingut durant quatre anys el llavi de nit i li volen thriller i tenir bé diré jo xiqui patia un pò	0.9956	0.8444	0		
b199393a-b1b0-4521-a5ef-8a5a70c19ce8	20.13	https://www.youtube.com/watch?v=GMbj6MUnAc0&t=410	 què hi ho activo al dictar això sí aquest dicta de moment el que fa és interpretar en segons quins idiomes funciona mil	0.9999	0.9988	0		
426a42d1-8970-4fee-8d90-98b1f3814ba1	19.89	https://www.youtube.com/watch?v=nrpG0ZDlCTk&t=5366	 no connectava telefònicament amb ningú i estava any indocumentat el vam iniciar els tràmits per fer li'l passaport per 	0.9975	0.9665	0		
b83687fc-5388-4374-97a2-92444323f5cd	19.95	https://www.youtube.com/watch?v=1E5X9UH7b0Q&t=4335	 puede haber dificultades per encontrar acompanyaràs equipo no contestaven de noi tantes i se poder per a detenir el deb	0.1114	0.0276	1	correct	
9f9ca03b-bb8c-4712-994b-8cb3c6ca5fcd	20.13	https://www.youtube.com/watch?v=GfVra-EQkpc&t=1151	 no és a dir tots aquests possibles explicat sembla que aguanten una traslació de l'aprenentatge dels adults molt més gr	1.0	0.9996	0		
33362b38-08e3-40d6-8afb-f9a1c860f921	20.04	https://www.youtube.com/watch?v=M1FNLJXXvgM&t=3246	quan exercia de professor no en recordava sempre que a el país que té l'únic país que té signats i ratificats tots els c	1.0	0.9996	0		
34459371-2d80-48c5-ae17-b7a8a9baf9ca	20.16	https://www.youtube.com/watch?v=em4d5xbJf7g&t=32	d'un quart d'hora per fer una referència a partir d'aquest moment si voleu i ara els ho podeu baixar està penjat a a dep	0.9963	0.9922	0		
a979d3df-5296-421d-929a-7577141f8c4d	3.75	https://www.youtube.com/watch?v=TRMfIf8JLbU&t=564	ostia és urdangarín confetti restrictiva de la distància	0.3213	0.0074	1	correct	
f99a04f9-1fcd-408e-8caa-9ab5542818c3	6.81	https://www.youtube.com/watch?v=3tzYbMPyPU8&t=751	cassà algú que hi han punts de fuga que l'usuari entra està fent una acció i l'abandona	0.9933	0.9853	0		
1a859e2a-699f-4771-99cc-e9c1a91ce361	3.72	https://www.youtube.com/watch?v=NkR-uA-lMac&t=3772	 ara ho has de treballar de unes hidràcid constant perquè tens un potencial	1.0	0.9995	0		
e75be7db-5c59-4240-abf1-7b67fa2921be	4.68	https://www.youtube.com/watch?v=Gsi-1YPPPRw&t=1802	 ei nois saris iemen es muden el difunt van sortís el nom fulards	0.0	0.0006	2	correct	
f6d47d08-76ad-4d2c-b0cf-d7b26a8bbedb	19.74	https://www.youtube.com/watch?v=1E5X9UH7b0Q&t=4678	porte en plan a autoajuda porte filó ací i demandarem ençà fe de que a través del deporte poder-se sentir de llibre i si	0.051	0.2456	1	correct	
9fb10c9d-34da-4297-8c55-0ba8fef6923d	20.04	https://www.youtube.com/watch?v=K-GmMPfKQoA&t=4076	 butaques dels cors del mujal signeu vicenç euros a uns l'afegit de masoveria urbana clavegueram són sancionadors d'amic	0.9998	0.9987	0		
ecaf20a7-23f2-4c69-9c54-43984ccb6825	12.54	https://www.youtube.com/watch?v=gzU6ELNU7EU&t=435	 jo per iniciar aquests processos a vaig cridar l'albert venuts de posar en contacte i ell al març d'al noms del dos mil	0.9999	0.9993	0		
0980509d-7f33-4afc-98c3-f08adab0a424	19.74	https://www.youtube.com/watch?v=k7Y73Z6m6Zk&t=6944	i també força parasitosi que portant to cedent tractaren com un to era d'una petita tibar realista si prometeu lo que no	0.0139	0.0073	2	correct	
49ecf243-9aaf-4c62-9176-dd1ea18510c8	20.16	https://www.youtube.com/watch?v=nTgPgNr0DeM&t=1871	dictat és una mica el que la legislació va fent d'una manera jo diria que tradicional més que reflexiva es pot aplicar t	1.0	0.9988	0		
f40917b0-27a4-411c-b78e-eb2ac779c1b8	19.26	https://www.youtube.com/watch?v=fB8bQWcXlXY&t=1631	 sí i termina allà em mirà vivament de un l'última llevar-te jurídic o senten lladres prèvia transparència i rendició de	0.6099	0.1795	0		
e6f4afc2-5221-4292-aece-f774c7901686	19.32	https://www.youtube.com/watch?v=b_BysSZ3BW4&t=1187	 necis on necis a pamplona madrid s'estava anar aplicant a la tramitació d'anna d'anna del procediment abreujat en instr	0.9996	0.9981	0		
c32a6fe1-7fed-4962-a562-affa2500c8a9	5.64	https://www.youtube.com/watch?v=oL6ZFbHNvhY&t=216	 la mitjana l'alumne era el menjador o a vegades menjador la cuina	0.9123	0.9978	0		
14624467-238d-4b7d-94b0-659ddfd09720	20.16	https://www.youtube.com/watch?v=W8ZMas9etug&t=227	el d'informació i d'emissors de missatge perquè el vostre missatge arribi a algun lloc ha de ser creatiu veurem una mica	1.0	0.9993	0		
8323dd6f-42e9-4994-af5c-5eeef3846bbb	8.58	https://www.youtube.com/watch?v=z-5L9I5h7fg&t=6263	 de la crítica que acotxar mossèn a sa redes sociales de que la falta d'il·luminació en emoció sitios de retirar un uste	0.4036	0.0915	1	correct	
fba50176-68cb-486b-8c14-948e2b8ba98c	20.01	https://www.youtube.com/watch?v=uk8LxVM5DDU&t=2066	afers socials i familiars a la mediació d'aquest conflicte perquè a davant aquest anuncia departament a què ha fet ací h	1.0	0.9993	0		
04e94f3e-a71a-4718-9b00-332df8538d1d	17.82	https://www.youtube.com/watch?v=tFovrjmDN_g&t=232	 doncs es reivindicava des dels anys noranta ira la terna reivindicació dels veïns d'aquí a l'eixample dirvos que al des	1.0	0.9996	0		
044c1a20-2d39-412e-a384-d070bc3ad8f1	4.92	https://www.youtube.com/watch?v=01uLeuWhok8&t=2392	 els membres als participants fer una valoració i ella va destacar	1.0	0.9995	0		
18183dc7-3e71-41da-9d5c-03e29098510f	19.95	https://www.youtube.com/watch?v=AleCJJhhk6k&t=16571	 a més persones al capdavall i també doncs una opció una alternativa que sigui més plural és a dir el partidisme que nos	1.0	0.9992	0		
daf47f64-6d60-4393-9caf-da2e52a147a8	3.57	https://www.youtube.com/watch?v=sIpsJoabVdQ&t=2572	però bueno quasi sempre el temps de manera que aconsegueix obrir el dharma	0.9991	0.9974	0		
517a77d5-bf73-4d28-a47e-d12afa05144d	19.71	https://www.youtube.com/watch?v=FImuTC3WOEY&t=3436	 si em nosaltres anem a votar en contra on vàrem manifestar ni la comissió informativa i les raons són i partit popular 	0.6513	0.8308	0		
1fa09d8e-1a1b-43b3-a2d0-6e5cbabe6f8a	20.16	https://www.youtube.com/watch?v=OhAikER4HGw&t=1224	no una moto dintre a casa a l'efímer d'il vesta moto no puc a la porta i finestres estan tancades no vam fer una assembl	0.996	0.9944	0		
4dd4fb67-9d4e-4bda-b209-c6be8168c47d	19.98	https://www.youtube.com/watch?v=1J0KggFjdZk&t=201	sis i resumien do és una estratègia per a bé comú s'acordin en s'organitza en to direction esta de los passos lleugers e	0.2505	0.0829	1	correct	
da8075d4-cd50-4ff3-ace5-76873cc67961	20.04	https://www.youtube.com/watch?v=Gr_0JzD7JqU&t=1270	 al la major part de comentaris positius sobre la professionalitat dels del personal sempre anaven acompanyats amb amb c	1.0	0.9997	0		
e7056898-c782-4411-8efa-a3e8512ecb86	19.98	https://www.youtube.com/watch?v=RFnsPRT35KE&t=989	 aquesta petita aquest veí d'agraïment que ens hagueu convidat i és el que diu el papa és un dels tretze protagonistes d	1.0	0.9999	0		
48320794-31f9-49ae-996c-3284599daf62	19.47	https://www.youtube.com/watch?v=GY6t3fiodlE&t=155	 un un banc d' d'innovació de totes aquelles propostes que facin ells es becaris i becàries que cursem ell la beca de po	0.962	0.9818	0		
540e840f-1299-4e4f-bb43-95db44999156	19.59	https://www.youtube.com/watch?v=EP7bAYPWXWk&t=1062	 guies de final els mòbils més comuns de les muntanyes o coronado la fanta entra a obra de masllorenç i des d'on no les 	0.0607	0.02	1	correct	
63bb8003-bfa9-4444-93cf-430d1f21b785	15.66	https://www.youtube.com/watch?v=7SQ4J5XsDlU&t=2452	 un personatge ambigu o controvertit posat en política i va ser condemnat per injúries públiques envers una persona o gr	1.0	0.9982	0		
2e12f29b-eb0e-4634-9a7a-028cf6694df9	20.10	https://www.youtube.com/watch?v=P0n7UCwb3M8&t=12877	m entendre bosc loquillo no desviava i operativa noves web vagit l'altre dia és era el comitè covin que tenim els caps d	0.8244	0.9777	0		
14223a47-eb44-4c42-80a8-a6557d9f1356	19.83	https://www.youtube.com/watch?v=ydW1HL_FjVA&t=2336	 però l'hem aquí ja tenim el problema afegides i del tema de déu seria un problema que no era molt difícil de resoldre p	0.9564	0.9973	0		
3059e6fb-2887-47f9-b484-f474a200aceb	19.32	https://www.youtube.com/watch?v=i27FzrInF40&t=131	 i amb tots els programes també ha de medi obert si coneixeu aquest llibre si l'heu cita i si el tema muntanya bones pro	0.9995	0.9933	0		
3569f991-7116-4e4a-8c44-8059675975e2	20.16	https://www.youtube.com/watch?v=Lcfn8yZwIiw&t=7372	instal·lat a la resta d'aquest tram un carril bici de vuitens cinquanta metres de longitud una àvia una metàl·lica per r	0.9986	0.9993	0		
b5224db5-a7b1-4d05-8cf3-1e7a84a1a592	20.16	https://www.youtube.com/watch?v=_c4AJcSlEMk&t=10469	anar al ple ja que en la seva remuneració i d'evolució del lloc de treball crea assignat la resposta general doblat a ga	1.0	0.9994	0		
49e5d008-1e21-4eb8-8e5f-1185fae078a4	20.04	https://www.youtube.com/watch?v=K-SB0Zp7D5Y&t=4613	 referèndum tots serenos eleccions les quals es presentaran els partits i el parlament res quedarà format pels partits m	1.0	0.9999	0		
98df8117-d1bf-45ba-8b79-a1050da72b07	19.02	https://www.youtube.com/watch?v=eM3m6i0jlII&t=4077	 plantar un problema cumple colar l'emociona evidentemente les tres creus que haver d'haver abordar-se des de un a polít	0.3913	0.0329	1	correct	
4f0f7427-6998-42c5-ba2e-e140c5537b8c	12.66	https://www.youtube.com/watch?v=tUiJfoAglN8&t=3925	 obviant interessadament de gabi de condena arreu cada color representa el de barcelona o del professorat llardós al can	0.1663	0.0176	1	correct	
be6e0051-d6a4-40ec-a181-62f9fe3d9d29	19.62	https://www.youtube.com/watch?v=1tyv_IQpnsY&t=3105	 en cas de trobar-te i cuarteto de felanitx superficial doncs bàsicament sobre el territori i ja no dóna suport és un ne	0.9822	0.9962	0		
bbf75b1e-324b-46a5-9d52-cdeb589bc642	18.18	https://www.youtube.com/watch?v=IP48zZ5PxYM&t=3097	les accions de govern que no es porten a este tipus d'intervencions són les que heretem d'accions polítiques d' altres u	0.8552	0.9667	0		
3092aa57-2f89-48b9-854b-d4758e48f855	19.59	https://www.youtube.com/watch?v=4qMTvyPBp8E&t=3762	 alguna introduir estudia com ha fet l'experiència i m'he parat de criminal però en teoria dentro de bloquejar llevado p	0.4077	0.3899	0		
83a84602-a7b4-4d06-9e16-bdedb57c40ae	3.39	https://www.youtube.com/watch?v=MOqARxwBqFs&t=10002	 i se centren algunes retre's	0.9092	0.8874	0		
cbadb4bf-dc6e-42de-9343-08e240de5735	3.48	https://www.youtube.com/watch?v=_mRlXHHLEr8&t=671	 deu ser la tetera vostè no seguí el dictamen de	1.0	0.9993	0		
894575a9-8b5a-404b-858a-a383cb70144c	20.16	https://www.youtube.com/watch?v=dNL-jEaLjTc&t=881	a tots ens interessa que la culpa la justícia funcioni bé hem d'acabar amb aquest amb aquesta idea equívoca dir cima de 	1.0	0.9996	0		
ce425c8d-4580-4aa7-85bd-fd901124c6e0	19.56	https://www.youtube.com/watch?v=FuOEAUaJOnk&t=53	 degut al nivell de participants això és impossible perquè sou moltíssims prou edu i intentarem que al final va a classe	1.0	0.9995	0		
5d28c28d-feb7-43f6-a792-0da5972846f3	20.16	https://www.youtube.com/watch?v=X8wqin7sNTU&t=9643	iep l'empresa avisa valencià va pagar un cànon ara per a vint-i-cinc anys des que que ha intentat ha representant espany	0.9896	0.9865	0		
8fcae893-475b-403f-9569-84355422001a	5.31	https://www.youtube.com/watch?v=2z_YkCFkeKo&t=947	 alemanya el passat en el passat dèiem que ara a un terç	0.9872	0.9999	0		
553d9616-86cc-41a8-9236-70d7279d9995	8.28	https://www.youtube.com/watch?v=-PLZ_SwHrcw&t=527	 sé molt bé dels qui en sigui no diré d'on és diu llastar salat mahler deixeu-ho dibuix on està	0.9997	0.9995	0		
06f13f63-4641-4898-8b65-3c453fcbe52f	19.98	https://www.youtube.com/watch?v=rfZg-lmQZR0&t=3806	 lleó dividia en quatre preguntes s'ha primero el que quan la tina que bé que s'ho consejos de que t'hi puguis retos son	0.0889	0.0157	1	correct	
20fa9bad-23f7-499e-967b-203c8f94307f	18.30	https://www.youtube.com/watch?v=s3wgmUAUtPE&t=9343	g solucionar i per una part ara recentment és la mateixa iniciativa la proximitat del partit popular anar com a com a mo	0.9532	0.9839	0		
70070d1e-4016-4fe3-b6b6-72318096e055	11.16	https://www.youtube.com/watch?v=5_viNkCg9g0&t=3345	nivell de resposta d'arcs insuperable d'idiotes d'acord és un servei pot gana pot ghanès ha guanyat fins ara i pot conti	0.9987	0.8791	0		
5a4b8787-f0e1-49c5-affb-6ef7c30a0ec7	6.42	https://www.youtube.com/watch?v=QI0II-W1AD4&t=1762	 la vinya idònia de famílies del barri per anar i no era gaire bo	0.3905	0.9656	0		
366a6709-c927-4719-8a6b-8fa7b7bdf25f	20.16	https://www.youtube.com/watch?v=p-Rn8KwYfmE&t=7531	up esquerra abstencions vots a favor doncs prospera la moció et passem als punts de a donar compte de les resolucions di	1.0	0.9999	0		
79c80574-595f-4427-91a2-3432cd23f1c4	20.16	https://www.youtube.com/watch?v=TJRpC9yVwU8&t=74	yo aquestes morts són la màxima representació de la violència masclista que sotmet les dones en tots els àmbits de la se	0.9965	0.9983	0		
63669288-f705-4462-8197-f1730e1891e4	19.77	https://www.youtube.com/watch?v=mYElR4Awrns&t=235	 visionar a al vídeo de la psicologia humana d'haver escoltat també alguns dels titulars periodístics que presentaven a 	0.9999	0.9982	0		
e6b3c867-255b-43b4-9825-8d3c1e91d7db	16.44	https://www.youtube.com/watch?v=C70_hwppYq4&t=1244	 llar de l'avi em va mirar i la lesió de genoll a terra jo ara com ho diré algo de google i això és un món jasó arribar-	0.0343	0.6964	1	false_positive	
4ad8e0f2-61a0-4f8c-8a7d-86bf9ada8a37	16.95	https://www.youtube.com/watch?v=FuOEAUaJOnk&t=1554	 encara que el títol de la llei és la cooperació jurídica internacional no regula només la cooperació jurídica avui quin	0.9997	0.9994	0		
49581fc9-19ae-478e-95e4-ebb19b30b75a	4.50	https://www.youtube.com/watch?v=1mVcoPpKu08&t=6187	 i aquests sistemes o filagarses al matí sempre heu plomes que siguin de la colla el que demani	1.0	0.9993	0		
1f69f2a4-3c4f-420f-be76-e15fdbb84b61	6.75	https://www.youtube.com/watch?v=gVmJ3QrtbQ8&t=470	 qui ha de ser un càstig doncs tenir pàgines webs que neguen l'holocaust pàgines de tipus revisionistes etcètera etcèter	1.0	0.9996	0		
d3a1f93b-a4aa-4893-8666-dc7f455fa3e3	20.16	https://www.youtube.com/watch?v=dKkorlNVl8Q&t=5025	no també haurà d'estar prèviament pensada no el sé clement diu perdó o principi comença amb aquesta tecnologia digital l	1.0	0.9987	0		
3c8261fd-4042-425f-a819-7f4b22c12961	4.77	https://www.youtube.com/watch?v=l0qGbOv1PCM&t=13664	 si la senyora martínez de senyor fernàndez	0.0047	0.0139	2	false_positive	
93c93a99-d2cf-40a0-ae4d-dbac621d4a90	17.04	https://www.youtube.com/watch?v=ydW1HL_FjVA&t=13372	 col·lectius que fan diverses activitats i més sorprèn que el logo de l'ajuntament no apareix i la pregunta a qui voldri	0.9867	0.9804	0		
ecd69474-44a3-4db0-b3a5-a8dd33db2892	4.44	https://www.youtube.com/watch?v=b-jSxcYM66s&t=3136	 no anem a regularitzar el pc els impostos i taxes municipals en una coma with	0.9546	0.9918	0		
af99653b-86e3-4112-bb77-cab6ca8bacea	20.10	https://www.youtube.com/watch?v=BgbYXgHtezM&t=2332	 libri farà que pugui esdevenir un risc si és important que s'entengui aquesta aquesta idea per tant el fet que en la èp	1.0	0.9994	0		
7cea90d3-1325-4f8b-8f46-eee5bdf2c7c9	20.16	https://www.youtube.com/watch?v=mwBuz89_e24&t=1124	exhaustiu de la seva figura i cal retirar tot el que té a veure amb el seu passat franquista vinculat a aquesta casa i p	1.0	0.9991	0		
05483c36-e7a4-4eb3-ae32-2b2234caff73	14.76	https://www.youtube.com/watch?v=pid5vU14NDc&t=10975	 a jo crec que compartir aquesta crec que la quarta moció en els últims mesos pregunteu a per canviar el tema de mobles 	0.9998	0.9963	0		
413c88a8-af64-4699-be6d-c9b69a269f33	3.90	https://www.youtube.com/watch?v=5l9tu3dpOqA&t=1035	 au ja que com els de la meva opinió	0.0088	0.0018	2	correct	
2a58bd49-b4cc-48e1-a86f-6c6e6c4629b9	3.42	https://www.youtube.com/watch?v=_LKDGS4SuwU&t=2851	si feu servir un indicador qualitatiu per exemple	0.9956	0.9958	0		
06274910-c985-4be2-a691-575de690c284	5.49	https://www.youtube.com/watch?v=MxO3kqlmbUY&t=1602	bea els elizalde ací la qüestió mentre que oscar retrobar-se després ve un tiempo	0.7384	0.0831	1	correct	
732529b8-9fec-4671-97b2-fb331847b1ce	6.12	https://www.youtube.com/watch?v=Wjxj-vlcHDA&t=2056	continua fent una aposta decidida per les polítiques mediambientals de lluita contra el canvi climàtic i de sostenibilit	1.0	0.9995	0		
d0529a62-9466-4415-8fb3-eb2dcd4cccb5	20.04	https://www.youtube.com/watch?v=TVmHOCYAD2M&t=1934	 quan li diguem que no es noti la diferència de de qui ho ha fet pero al final internament el que tant ens total ell a l	0.999	0.9873	0		
80f4f1a9-04b9-44b8-a6b3-9b2ad633e3cf	3.93	https://www.youtube.com/watch?v=A5iW6-TlhhM&t=9822	 va sap llistat llevant a la oficina d'atenció a llaurar or	0.9214	0.9829	0		
cc44e25b-235f-43d8-a6a2-df9e234843de	20.16	https://www.youtube.com/watch?v=x27yFw1vfbE&t=434	i els problemes de l'afecció pel partir a fer carretera no veia móstoles emplenar preocupar-nos com ells o elles dorado 	0.0514	0.0209	1	correct	
2e3f3d02-5ef0-4403-96bb-1e30effc589d	6.78	https://www.youtube.com/watch?v=VlmprwrCqic&t=2976	 de revertir d'uns d'aquestes important necessitats socials i democràtiques que tenim encara en el nostre municipi	1.0	0.9992	0		
92ad95fe-582a-4817-9e4c-ea248e9d1685	19.65	https://www.youtube.com/watch?v=zYeq7LVz4bc&t=1445	dispositiu tecnològic d'estrès que que hem fet esment recordem que sal a l'ordinador el telèfon mòbil o el videojoc i en	1.0	0.9956	0		
c4a754e6-efab-463a-bfc8-2c7b6f62b6ca	4.53	https://www.youtube.com/watch?v=qZSxl5qFtDI&t=1563	 res doncs per dos els més antics als més	0.9942	0.999	0		
0a57005c-7629-46bf-90c8-aaf7c4ee1503	10.47	https://www.youtube.com/watch?v=nH-X6t8xOgQ&t=2879	 els periodistes de televisió per on parlo dels de televisió parlo dels que fem programes no necessit no necessitem verb	1.0	0.9996	0		
7b78523c-42b9-4832-8798-cc1238eba750	19.50	https://www.youtube.com/watch?v=K-SB0Zp7D5Y&t=2386	 es a dir com veiem hi ha també una relació directa de la forma del subjecte constituent i la forma de democràcia que s'	1.0	0.9998	0		
9de88756-9860-45e9-9aa2-82dd3c7fdbc8	8.04	https://www.youtube.com/watch?v=NSbSoWjhKXY&t=1654	 dia mundial de la il·lusió del canvi d'hora	0.9929	0.9965	0		
3fdc926c-4dc4-4643-9122-1fb487834c52	16.26	https://www.youtube.com/watch?v=6XdVrj3yAy0&t=2478	 president de la generalitat encara que tot això no li va estalviar disgustos era previsible el projecte era molt ambici	1.0	0.9998	0		
f1432459-f232-4d10-899c-27edc1c9e90e	19.44	https://www.youtube.com/watch?v=AleCJJhhk6k&t=15020	 la guàrdia urbana té un problema d'aquest ulema no ens l'hem inventat el nostre grup municipal aquest problema que cada	1.0	0.9989	0		
e729cb66-f694-42e8-982b-3378a4fad506	4.80	https://www.youtube.com/watch?v=FMy47uI3cj0&t=907	 la universitat autònoma de barcelona la catedral de em	0.1181	0.0888	1	false_positive	
95b7ed10-b61b-4a4c-a85e-9c280b225dee	11.85	https://www.youtube.com/watch?v=CfO94FreLwc&t=946	 jo jo jo jo gairebé no es mou i que sap o com a solució de tot està per formar govern si l'imma	0.9833	0.9514	0		
c98328d7-bd21-4d00-9d04-2f2e1ef72123	19.74	https://www.youtube.com/watch?v=pdVO-iWRjrA&t=1504	 les emocions on està super feres síl·labes ensenyant la supèrbia del món deuen fer a ca no que necessiten és aprofitar 	0.7868	0.293	0		
b6e0a15d-3f50-485e-aa32-26dcf182bd74	3.90	https://www.youtube.com/watch?v=cHTPXaEsme4&t=5738	 sabem que qui havia preocupació per aquesta falta de información	0.0015	0.1789	1	correct	
827648a2-6c1f-4e40-b9c5-e50189872caf	19.56	https://www.youtube.com/watch?v=tFJrQ65cXY8&t=1659	 en tots ells és d'exposició més ja inicial és de dos tribunals les respecto de la posició de la fiscalia no es lleven a	0.043	0.0028	2	correct	
97dcb908-a232-4524-90e0-e762e058de34	12.51	https://www.youtube.com/watch?v=IUlw9dklLH8&t=96	de promoure l'aprenentatge de la recerca i el coneixement en el conjunt dels professionals de l'àmbit de la justícia per	0.9999	0.9985	0		
c3afa2e0-21f5-4587-a7ce-e757336bc84c	19.98	https://www.youtube.com/watch?v=7c8gwNVdXLY&t=1141	 per a temes diguem-ho smash gravis mas importantes si volcà acudir molts cadàvers massa la resolució de conflictes i si	0.1209	0.1106	0		
bc0f4abc-4d1e-45d3-ba4e-64179cafc102	17.55	https://www.youtube.com/watch?v=-fGea6BQ1Fk&t=3278	 i les vulgui als i avanço la solució no és això de bon gust vos una càmera i els que estan a casa van veient el que est	0.9999	0.9995	0		
409d1b83-346d-48a6-85c9-f0b63c5ff0a0	17.31	https://www.youtube.com/watch?v=JgXveI6rmoQ&t=3333	 bella melodia hi ha millor que em sorprèn dido és sobre todo qui són ésser refiarà los hombres com m'haig istes banda l	0.0053	0.011	2	correct	
7277c193-6c7c-4df2-9dc8-c47cb50dc0ea	20.16	https://www.youtube.com/watch?v=fUcbSuAb8dQ&t=7999	aquesta situació prenguin mesures immediates que prenguin solucions davant aquestes situacions que jo crec que generen a	1.0	0.9998	0		
a6fd2413-d52a-4766-90ab-8642e5a8787c	19.89	https://www.youtube.com/watch?v=qVfjdRC8fdk&t=876	 gràcies per les es fondria punt dos-tres durant dies una eclosió institucional que presentes d'ús municipal d'iniciativ	0.9948	0.9994	0		
e8d9e916-68ca-4ba9-a3d9-90d895a0f458	20.10	https://www.youtube.com/watch?v=fOv94BKhz3o&t=1568	 l'euro sentir-ho i l'amor racional baraka n'havia veí ue museo aquestes afí en occità ambiente permitir sentit especial	0.6777	0.3003	0		
08fd5d41-51c6-4058-bb39-b53b1e0443bc	20.16	https://www.youtube.com/watch?v=RWpbPm-Qo2w&t=2481	sate iniciatives tant a l'àmbit social com en l'àmbit d'urbanisme perquè pensem que a no es pot destriar i especialment 	1.0	0.9992	0		
bf5869cf-fbd0-4483-9d30-fca61b7e05aa	19.62	https://www.youtube.com/watch?v=2tOfC50Z08E&t=2127	l'ona with però cal recordar si voleu el cas més directe del poble curta està sent bombardejat per l'estat a tu un estat	1.0	0.9997	0		
7b5d2b8b-01ad-44ee-95a7-2f3d8584371e	20.07	https://www.youtube.com/watch?v=yrDaAcTQsQo&t=5125	què hi estem una resina demanar resolució judicial per dir-me jutges galderich branques l'asèpsia de puerta maqueda entr	0.9999	0.9954	0		
5cf31c4b-2909-4419-9f7e-2c637d3eb2e0	19.53	https://www.youtube.com/watch?v=9_lh5erbLr8&t=238	 jo crec que aquest és un un dels grans problemes tercera necessitat per la qual volem canviar potser o ens podem plante	1.0	0.9996	0		
d5b56fbf-3948-4451-ae1b-dfecaf84f8f5	4.08	https://www.youtube.com/watch?v=G0U-hH5Ia4Y&t=5072	el guia va ser l'aniversari de clase de secà de ver mapa	0.0011	0.0006	2	correct	
b6ed2add-35c7-47c3-b4ef-b8802873c30a	6.30	https://www.youtube.com/watch?v=J657_X9XVmU&t=229	dades en el relat en la que em va decebre la sauna i bany amb all va baixant	0.2214	0.0012	1	false_positive	
10fb471e-62df-4f73-8e45-1525df71cb12	19.74	https://www.youtube.com/watch?v=PiqxGXdGlG0&t=1522	 no estan sols perdiu a mà amb avantatge amb amb aquest sentit aquests apunts sinó que a més a més l'oferta econòmica a 	1.0	0.9982	0		
56607bc3-aea8-4a9e-a752-878445307db0	7.56	https://www.youtube.com/watch?v=BplH83MINc8&t=1258	 executant en els vells ideals al voltant d'aquest ho anem a l'usuari en el camp de durant l'any	0.9988	0.9966	0		
